id,question,expected_answer,score_dimensions,source_patent,source_file,source_ref,md_file
F0001,我们厂做保温装饰一体板，水性弹性丙烯酸涂料辊涂下线后覆 PE 保护膜，叠压码垛入库。天热堆放一两周后问题来了：揭膜时漆膜跟着膜被撕下来，板与板叠压面也互相粘连掉漆，废板率很高。乳液 Tg 偏低、漆膜偏软这个改不了（板子要弯折）。加蜡粉以前试过，表面会沾油污。不想上双组分。从配方上怎么解决？,"【问题诊断】
低Tg弹性丙烯酸漆膜随温度升高塑性增强、粘连性大：一体板覆PE膜叠压码垛后揭膜撕漆、板间互粘掉漆（对应专利[0002]-[0004]场景）。蜡粉路线因表面亲油易沾油污已被[0004]否定；本方案单组分水性、不含蜡不含氟。

【解决机理】物理+化学双重作用：
1. 物理降接触面积（主治粘连）：引入改性球形微珠（玻璃/陶瓷，D90 60-80μm）与填料，漆膜表面微观呈半球状凹凸，覆膜/叠压时接触面降低、粘连面积变小，剥离撕拉力集中于微球凸点，漆膜本体不被破坏；不依赖漆膜变硬，Tg与弯折性保留。
2. 化学降表面能（主治耐污）：改性聚丙烯酸（聚丙烯+丙烯酸+马来酸酐接枝反应制得）包裹填料，聚丙烯链段惰性、低表面能，污垢难附着易清除；其聚丙烯酸结构与丙烯酸乳液基体亲和，兼作相容剂改善填料分散结合。
3. 协同交联：微珠经KH-560环氧基硅烷偶联剂改性，改善分散并引入环氧活性基团，提升基材附着并与其他组分交联；改性聚丙烯酸活性基团与改性微珠经化学键/氢键形成网络结构，提高漆膜稳定性与机械性能。对比例1-3证明：微珠不改性、纯聚丙烯替代改性聚丙烯酸、跳过S3预反应，均导致性能显著劣化，两步改性缺一不可。

【具体配方】
权利要求范围（质量份）：丙烯酸乳液30-40、改性聚丙烯酸5-10、填料10-15、钛白粉15-25、改性球形微珠4-8、助剂3-7、水补足。
实施例2点值（质量份）：丙烯酸乳液33（万华Archsol 8015弹性丙烯酸乳液）；改性聚丙烯酸5（自制，见S2）；煅烧高岭土11（800-2500目）；金红石型钛白粉18；改性球形微珠6（郑州圣莱特HL35空心玻璃微珠，D90 60-80μm，KH-560改性）；乙二醇1.5；分散剂普为D26 0.7；成膜助剂十二碳醇酯0.5（夏用，春秋季可提至1.6）；消泡剂巴斯夫ST 2410 AG 0.3；纤维素醚三星30K 0.15（3万粘度非缔合HEC）；聚氨酯增稠剂高泰COAPUR 817W 0.3（调漆后段添加）；附着力促进剂格瑞斯DB586 0.2；防腐剂托尔MB5050 0.15；pH调节剂瓦克BS168 0.1；水23.1。
辊涂提示：微珠为效应性颗粒，湿膜厚度≥100μm（干膜≥60μm）防辊痕漏底；辊涂前60-80目滤网过滤。

【制备工艺】
S1改性微珠：乙醇:水=9:1（质量比）配溶剂，按溶剂5wt%加入KH-560，乙酸调pH至5.0搅拌30min得水解液；投入球形微珠（微珠:KH-560=2:1），80℃搅拌反应4h，过滤、干燥（区间60-80℃/2-4h）。
S2改性聚丙烯酸：5份聚丙烯（中石化T30S）+35份去离子水+5份二甲苯，85℃加热溶胀10min；加入0.075份BPO、1.5份马来酸酐、1.5份丙烯酸，氮气氛围95℃搅拌反应3h，洗涤、过滤、干燥（PP:AA:MAH质量比(5-10):(1-2):(1-2)）。
S3中间产物（关键工序，不可省）：改性球形微珠+填料+改性聚丙烯酸+水混合，85℃搅拌4h（区间80-100℃/3-6h），使改性聚丙烯酸充分包覆填料并与微珠交联。
S4调漆四步：①预混合：分散缸加15-18份水，500-600RPM下加分散剂/成膜助剂/防冻剂/纤维素醚/pH调节剂，混成凝胶状；②研磨：加钛白粉，1200-1500RPM研磨15-20min，细度≤50μm合格；③调漆：加丙烯酸乳液/防腐剂/消泡剂，600-800RPM搅5-10min；④加中间产物：降至500-600RPM缓慢加入S3产物（防微珠破碎），再加其余成分搅10-15min，送检。

【验证标准】按GB/T 23982-2009木器涂料抗粘连性测定法、JG/T 172-2018弹性建筑涂料、GB/T 9755-2024验证；实施例耐溶剂性/耐沾污性/稳定性均优于对比例（[0057]）。",1.是否命中微珠微观凹凸降接触面积的核心机理（未命中即不合格）；2.是否给出微珠4-8份+改性聚丙烯酸5-10份量级的可用配方及实施例点值；3.是否说明微珠需KH-560偶联剂改性及其原因（环氧基交联锚定）；4.是否错误推荐蜡系方案（负向分，出现即扣）,CN122278279A,CN202610615821.9(CN122278279A)_一种水性微球型表面抗粘连涂料及其制备方法.pdf,"问题场景:[0002]-[0004]; 机理:[0029],[0031]; 配方:权利要求1,[0011],实施例2,[0035]-[0046]; 工艺:权利要求5-9,[0030],实施例2S1-S4; 证据:对比例1-3,[0057]",配方优化测试_QA_微球型抗粘连涂料_CN122278279A.md
F0002,我们是做灌区干渠和闸站混凝土衬砌防护的，现场喷涂双组分聚脲类弹性防水涂料（快干型）。北方项目，渠底闸室常年泡水，水位变动区冬夏冻融。用一两年后问题出来了：泡水部位涂层起鼓起皮，拉拔粘接强度有的掉到 2.5MPa 以下，靠近水面一圈最严重，冻融几个冬天后局部大鼓包。往涂料里直接加环氧树脂提强度以前试过，常温固化慢、初期就鼓包。全氟聚醚那类氟碳料听说性能好，但太贵没法大面积喷涂。也不想上高溶剂含量的料，环保过不了。从配方上怎么解决？,"【问题诊断】
双组分聚脲/PAE类涂层长期泡水+冻融后起鼓起皮、拉拔粘接强度跌破2.5MPa，对应专利水工建筑物长期浸泡区/水位变动区场景（聚天门冬氨酸酯聚脲不适用于连续浸水环境[0002]；硅氧烷改性路线初期耐水性差[0003]）。已否定的路线：环氧树脂直接共混或接枝在聚氨酯预聚体上——环氧基与非伯胺类固化剂常温固化缓慢、初期耐水性差[0036]；全氟聚醚醇氟碳路线——成本远高于常见氟碳树脂且涂层韧性小[0049]；高溶剂稀释路线——固含量低、溶剂大量挥发不适合涉水工程、涂膜收缩开裂边缘卷曲[0048]。

【解决机理】核心：接枝而非共混——将氢化环氧树脂接枝到反应活性相对差、耐候性和低温形变性较好的聚天门冬氨酸酯树脂（仲胺基类）上，利用环氧基与仲胺基的开环反应合成改性聚天门冬氨酸酯树脂[0017][0036]。
1. 氢化环氧树脂（无苯环双键）→显著提升长期耐水性，且从结构上杜绝普通环氧黄变隐患[0017]；2. 硅烷偶联剂（KH560，爪型结构）→提升与基面/中涂的层间附着力，粘接强度高[0017]；3. 用量比例是成败关键：氢化环氧占聚天冬质量10~30%（最优20%），氢化环氧:硅烷偶联剂=3.5~4.5:1（最优4:1）。过高→接枝后羟基含量偏高→氨酯基室温固化比脲基慢→养护初期（14天内）耐水性差；偏低→长期耐水性和粘接性不达标[0018][0035]；硅烷偶联剂偏高→浮色发花且耐水性下降[0019][0037]；4. 高温接枝不可省：60~90℃提升仲胺基反应活性，使环氧基快速完全反应有效接枝，克服常温共混反应效率低下的缺点[0038]；5. B组分协同：丙烯酸改性PU提升耐热水耐湿热[0020][0048]；氟碳改性PU提升耐候保色和抗冻融，不用全氟聚醚醇、成本低[0021][0049]；PDMS改性PU提升疏水性（接触角>90°）减少水中垃圾附着[0022]；6. A组分三官能度聚醚胺T5000（活性弱于酚醛胺/脂环胺）扩链形成更密实交联网络提高耐水性而不凝胶[0064]。
对比例证据：对比例1去除改性聚天冬氨酸酯树脂→泡水/热水/湿热样块起鼓、粘接强度低于国标2.5MPa[0134]；对比例5氢化环氧过量(300:120)→30h无法实干[0145]；对比例6用量不足(300:30)→泡水/热水/湿热大面积鼓包[0147]；对比例7 KH560过量(300:30)→浮色发花+耐水性更差[0149]；对比例8 KH560不足(300:7.5)→与环氧中涂脱开[0151]；对比例19无改性体系用于内蒙古河套灌区实干一年→靠近水面剥落起皮鼓包、上部粉化发黄[0178]-[0180]。

【具体配方】
权利要求范围（权利要求7-9）：独立分装A、B双组分；A组分=聚天门冬氨酸酯树脂+改性聚天门冬氨酸酯树脂+聚醚胺（可含颜填料/分散剂/消泡剂/触变剂辅料）；B组分=第一聚氨酯预聚体树脂+丙烯酸改性PU+氟碳改性PU+PDMS改性PU。A:B质量比1:1.1~1.7（最优1:1.3~1.5）；B中NCO与A中(羟基+氨基)摩尔比R=1.05~1.25:1（最优1.15:1）；A中聚天冬:改性聚天冬=3~6:4~7；聚醚胺占B中NCO总质量25~40%；B中（溶质质量比）PDMS改性PU:预聚体=1:6~10、PDMS改性:丙烯酸改性=1:3~5、PDMS改性:氟碳改性=1:6~8；改性聚天冬合成：氢化环氧占聚天冬质量10~30%、氢化环氧:硅烷偶联剂=3.5~4.5:1。
实施例1点值：改性聚天冬氨酸酯树脂1按F420:EP4080-E:KH560=300:60:15（质量比）合成；聚氨酯预聚体树脂1按DL400:DL1000:PTMEG2000:CP300:IPDI:HDI:二月桂酸二丁基锡=17.39:104.33:52.16:8.69:108.92:27.23:0.03（NCO:OH=3:1，固含量85%，NCO含量9.74wt%）；丙烯酸改性PU1：预聚体1:WF-B012:WF-H6018:WF-H0821:DBTDL=300:45:9:6:0.03；氟碳改性PU1：预聚体1:WF-Q212:DBTDL=300:45:0.03；PDMS改性PU1：预聚体1:PDMS500:PDMS1000:DBTDL=300:30:30:0.03。
A组分（质量份）：改性聚天冬氨酸酯树脂1 300份；F420树脂（深圳飞扬，仲氨基当量285）200份；聚醚胺T5000（亨斯迈，三官能度M=5000）26.85份（占B中NCO质量35%）；分散剂优卡化学680U 4份；消泡剂优卡化学P-590 10.55份；触变剂毕克T430 1.55份；炭黑欧力隆FW200 1.55份；钛白粉科慕R960 73.75份；石英粉（3000目）44.25份；硫酸钡（3000目沉淀）77.50份；气硅粉瓦克HDK H18 2.6份。
B组分（溶质质量比）：丙烯酸改性PU1:氟碳改性PU1:PDMS改性PU1:聚氨酯预聚体树脂1=20:35:5:40。
使用配比：A:B=100:120.41，R≈1.15。施工：混合后喷涂。

【制备工艺】
S0聚氨酯预聚体合成：多元醇（DL400/DL1000/PTMEG2000/CP300）110℃真空干燥2h（-0.080~-0.095MPa）→恢复常压通氮气，降温60~70℃加IPDI、HDI和DBTDL（0.003~0.03%，最优0.01%）→放热至80℃保温2h（区间75~85℃/2~4h）→加醋酸丁酯:丙二醇甲醚醋酸酯:DMF=39.38:11.25:5.63混合溶剂稀释至固含量85%。
S1改性聚天冬氨酸酯树脂（关键工序，不可省）：F420:EP4080-E:KH560=300:60:15，通氮气，250r/min，80℃保温反应3h（区间60~90℃/2~4h）。高温提升仲胺反应活性使环氧基完全接枝，常温共混达不到改性目的[0038]。
S2三种改性聚氨酯：均通氮气300r/min升温80℃（区间75~85℃）——丙烯酸改性PU加WF-B012/WF-H6018/WF-H0821+DBTDL保温4h（3~5h）；氟碳改性PU加WF-Q212+DBTDL保温2h（2~4h）；PDMS改性PU加PDMS500/PDMS1000+DBTDL保温2h（1~3h）。
S3 A组分制备：依次加分散剂、消泡剂、触变剂、聚醚胺T5000、F420、改性聚天冬1→200r/min搅3min→400r/min搅5min→600r/min搅3min→500r/min下加颜填料混合物→600r/min分散3h→过滤密闭。
S4 B组分制备：按20:35:5:40溶质质量比加四种树脂，通氮气，600r/min室温搅拌30min，过滤密闭。
S5混合施工：500r/min搅拌下将B加入A，加完后1000r/min搅3min，A:B=100:120.41，R≈1.15，喷涂施工。

【验证标准】粘接强度按JC/T 2217-2014中7.9（五种养护：室温空气7天/室温泡水30天/-20℃冻融循环30次/50℃热水循环30次/70℃湿热循环30次，要求涂层无起皮开裂剥落）；防腐性与人工气候老化按GB/T 19250-2013（老化1500h无黄变无粉化）；黏度GB/T 2794-1995；适用期GB/T 7123.1-2002；表干GB/T 16777-2008；拉伸性能GB/T 528-2009；接触角测试。
实施例1结论[0107]：粘接强度室温7天>4.5MPa、泡水30天>4.0MPa、冻融30次>4.0MPa、50℃热水30次>3.0MPa、70℃湿热30次>2.5MPa；热/碱/酸处理和人工气候老化后拉伸强度保持率>95%、断裂伸长率保持率>220%；老化1500h无粉化无黄变；与纯净水接触角92.836°>90°。（专利性能表格为图像无法提取，数值结论引自说明书文字段[0107]。）",1.是否命中氢化环氧树脂接枝到聚天门冬氨酸酯树脂（环氧基-仲胺开环）提升长期耐水性的核心机理（未命中即不合格）；2.是否给出氢化环氧占聚天冬质量10~30%、氢化环氧:硅烷偶联剂3.5~4.5:1的用量控制及实施例点值（F420:EP4080-E:KH560=300:60:15、A/B双组分组成）；3.是否说明60~90℃高温接枝的必要性、硅烷偶联剂爪型结构对层间附着的作用，及B组分三种改性PU（丙烯酸耐热/氟碳抗冻融耐候/PDMS疏水）的协同；4.是否错误推荐直接共混环氧树脂（或高溶剂稀释、全氟聚醚）方案（负向分，出现即扣）,CN122167753A,建筑涂料专利集\CN202610624207.9(CN122167753A)_一种多元改性聚氨酯耐候防水涂料及其制备方法和应用.pdf,"问题场景:[0002]-[0004],[0048]-[0049]; 机理:[0017]-[0019],[0036]-[0038],[0064]; 配方:权利要求7-9,[0060]-[0074],实施例1,[0088]-[0096]; 工艺:权利要求10,[0078]-[0080],实施例1S0-S5; 证据:对比例1,5-8,19,[0134],[0145]-[0151],[0178]-[0180]",配方优化测试_QA_多元改性聚氨酯耐候防水涂料_CN122167753A.md
F0003,我们是做市政桥梁桥面防水翻修的。混凝土桥面喷涂单组分潮固化聚氨酯防水膜，一两年后问题就出来了：涂层成片空鼓，铲刀一铲整块往下掉，撕下来的膜背面光溜溜的，混凝土面上什么都不带——根本没粘住。车荷载振动加冬夏温差一折腾掉得更快，掉完的地方就渗水返潮。桥面板会动、会出细微裂缝，膜得能跟着变形，硬料上不了——水泥基刚性防水料以前试过，桥面一动它先裂、照样漏。从配方上怎么解决？,"【问题诊断】
现场症状为涂层与混凝土桥面的界面粘结破坏：空鼓成片、铲刀一铲整块脱落、撕下的膜背面干净无残留（非涂层内聚破坏）。对应专利背景技术[0003]-[0004]：单组分潮固化聚氨酯类有机防水涂料依赖有机组分的化学固化反应成膜，分子链柔性尚可，但水泥基材表面富含羟基且整体呈碱性，有机组分难以与基面形成稳固化学键，结合力弱，长期受环境因素（车荷载振动、温差应力）作用即界面脱层；另一条被否定的路线是水泥基刚性防水涂料——与基材材质同源相容，但受水泥脆性限制弹性差，桥面微裂缝直接拉裂（[0004]），故换硬料不通。正确方向：保留有机链段弹性，同时把界面从物理贴附升级为化学锚固（[0005]）。
【解决机理】
（1）界面化学键合：γ-（2,3-环氧丙氧）丙基三甲氧基硅烷（A组分0.6-1.4份，另配1.0-2.0%水溶液基面预处理打底）的环氧基团与水泥基材表面富含的羟基发生化学反应形成稳固化学键（[0015]/[0031]）。
（2）同源相容：A组分水泥基复合填料（硅灰+超细水泥）与水泥基基材材质同源，提升涂料与基材相容性（[0015]/[0031]）。
（3）纳米界面增强：氟硅改性埃洛石（粒径45-85nm、占比≥90%，甲基三甲氧基硅烷+十七氟癸基三甲氧基硅烷双改性）进一步增强涂料与基材的界面结合强度（[0015]/[0031]，权7）。
（4）高弹性保障（适应桥面会动、微裂缝工况）：聚氨酯预聚体（TDI+聚醚多元醇N220/N330）有机分子链具良好柔性；扩链剂4,4-亚甲基二氯苯胺:1,4-丁二醇=3.5:1-4.5:1延长分子链、提升链段活动性；R=2.10±0.03、预留NCO 3.95±0.05wt%供固化交联（[0016]/[0032]，权4-5）。
（5）潜固化双组分：B组分酮亚胺潜固化剂JH-326+柠檬酸+去离子水，A:B=10:1-12:1；酮亚胺遇水汽逐步释放活性胺与NCO交联（酮亚胺潜固化通用机理，专利限定其配比[0006]）。
（6）施工保障：智能滴注按基面湿度切换滴注模式、定制化复合喷嘴渐变孔+纳米陶瓷涂层、分层喷涂+激光测厚误差≤±0.1mm，降低局部防水薄弱（[0017]/[0033]）。
注：本专利无对比例体系，机理必要性以权利要求层层优选限定与有益效果段为证据，如实标注。
【具体配方】
权利要求1范围（质量份）：A:B=10:1-12:1；A组分=聚氨酯预聚体40-55、水泥基复合填料12-22、氟硅改性埃洛石1.0-2.0、γ-（2,3-环氧丙氧）丙基三甲氧基硅烷0.6-1.4、聚羧酸系水泥改性剂0.4-1.2、抗氧剂1010 0.2-0.7、消泡剂0.1-0.5；B组分=酮亚胺潜固化剂JH-326 55-75、柠檬酸18-32、去离子水8-16。
实施例三点值（[0028]，桥梁桥面严苛工况定位[0030]）：
A组分：聚氨酯预聚体;55;TDI+聚醚多元醇N220/N330按7:1-9:1、R=2.10±0.03、预留NCO 3.95±0.05wt%、N220羟值54-58mgKOH/g、N330羟值31-35mgKOH/g、扩链剂4,4-亚甲基二氯苯胺:1,4-丁二醇=3.5:1-4.5:1（消耗0.40±0.02wt% NCO）
水泥基复合填料;22;硅灰:超细水泥=1.8:1-2.2:1、硅灰5-10μm比表面积≥20000m2/kg、超细水泥8-12μm≥8000m2/kg、105-115℃真空干燥3.5-4.5h
氟硅改性埃洛石;2.0;埃洛石:甲基三甲氧基硅烷:十七氟癸基三甲氧基硅烷=7:4:4-9:6:6、粒径45-85nm
γ-（2,3-环氧丙氧）丙基三甲氧基硅烷;1.4;环氧基硅烷（即KH-560同结构物）
聚羧酸系水泥改性剂;1.2;聚羧酸减水剂-丙烯酰胺共聚物、固含量≥40wt%、分子量8000-12000
抗氧剂1010;0.7;受阻酚类（1010即牌号）
消泡剂;0.5;牌号未限定
B组分：酮亚胺潜固化剂JH-326;75；柠檬酸;32；去离子水;16。
施工提示：A:B按10:1-12:1（基面湿度>60%时A/B滴速比取12:1）；喷涂前基面必须先喷1.0-2.0%γ-硅烷水溶液并静置12-22min（界面锚固打底，不可省）；第一遍0.4-0.5mm、总厚0.9-1.3mm。
【制备工艺】
S1聚氨酯预聚体（扩链不可省）：N220:N330按7:1-9:1混合，115℃-125℃真空干燥10-13h，通氮气后加TDI调R=2.05-2.20（优选2.10±0.03），68℃-72℃搅拌反应7.5-8.5h，加扩链剂继续反应0.9-1.1h（消耗0.40±0.02wt% NCO），出料密封。
S2水泥基复合填料：硅灰:超细水泥=1.8:1-2.2:1混合，105℃-115℃真空干燥3.5-4.5h，200r/min球磨25-35min。
S3氟硅改性埃洛石（关键工序，不可省，微波辅助-分步温控）：埃洛石加无水乙醇20kHz超声25-35min（45-85nm占比≥90%），加甲基三甲氧基硅烷+十七氟癸基三甲氧基硅烷（与埃洛石配比7:4:4-9:6:6）续超声1-1.2h，转微波反应釜（氮气50mL/min）加28wt%氨水；微波300-400W、30s辐射/60s暂停间歇模式，第一阶段45℃-50℃、250r/min、5-6h，第二阶段28℃-32℃、180r/min、6-7h；8000r/min离心12-18min，无水乙醇洗涤4-6次（上清液电导率≤10μS/cm），78℃-82℃真空干燥46-50h，过180-200目筛。
S4 A组分：S1-S3产物+γ-硅烷+聚羧酸系水泥改性剂+抗氧剂1010+消泡剂入反应釜，48℃-52℃搅拌1.9-2.1h。
S5 B组分：JH-326+柠檬酸+去离子水入烧杯，28℃-32℃搅拌25-35min。
S6基面预处理（不可省）：1.0-2.0%γ-（2,3-环氧丙氧）丙基三甲氧基硅烷水溶液喷涂水泥基面，21℃-25℃放置12-22min。
S7喷涂施工：基面湿度>60%用变量滴注模式A/B滴速比12:1、≤60%用定量滴注10:1-12:1（A滴速6-10mL/s、B 0.6-1.0mL/s，误差≤±2%）；雾化压力0.4-0.65MPa、喷涂距离30-40cm、平面基面55°/立面基面45°；第一遍0.4-0.5mm静置15-20min后第二遍，总厚0.9-1.3mm，每遍激光测厚误差≤±0.1mm。
【验证标准】
本专利未记载对比例、测试例及任何测试标准号（[0001]-[0035]全文无实测性能数据段，表格数值无法提取），结论引自说明书文字段：具备高弹性、高粘结力且与水泥基基材相容性好（[0005]）；环氧硅烷界面化学键合+同源填料+氟硅改性埃洛石界面增强，避免长期环境因素/结构振动下界面脱层、保障防水功能持久（[0015]/[0031]）；高弹性适应结构微裂缝（[0016]/[0032]）；三档实施例场景定位（低值成本敏感民用地下室/卫生间[0024]、中值均衡市政隧道/厂房屋面[0027]、高值严苛大型桥梁桥面/高层外墙/地下管廊[0030]）。工程验收建议（编者补充，非专利内容）：拉拔法测涂层-混凝土粘结强度并检查破坏面位置（合格判据为内聚/本体破坏而非界面破坏）、敲击普查空鼓率、淋水或蓄水试验、激光测厚复核总厚0.9-1.3mm（±0.1mm）。",是否命中「γ-环氧硅烷与水泥基面羟基化学键合+水泥基复合填料同源相容+氟硅改性埃洛石界面增强」核心机理（未命中即不合格，1分）；是否给出A:B=10:1-12:1与A组分七组份范围及实施例三（或二）点值（预聚体40-55、填料12-22、埃洛石1.0-2.0、γ-硅烷0.6-1.4等，含牌号规格N220/N330/JH-326/抗氧剂1010）；是否说明聚氨酯链段柔性+扩链剂与R=2.10±0.03/预留NCO 3.95±0.05wt%控制保障弹性适应微裂缝，并标出基面预处理（1.0-2.0%硅烷液）与微波辅助-分步温控工序不可省；是否错误推荐纯水泥基刚性防水涂料或仅换软质聚氨酯而不解决界面化学键合（出现即扣）,CN122587593A,建筑涂料专利集\CN202610625914.X(CN122587593A)_一种高弹性高粘结力的喷涂防水涂料及其制备方法.pdf,"问题场景:[0002]-[0004]; 机理:[0015]-[0017],[0031]-[0033]; 配方:权利要求1-7,[0006]-[0012],实施例三,[0028]; 工艺:权利要求8-9,[0013]-[0014],实施例三S1-S7,[0029]; 证据:实施例一/二/三定位段[0024],[0027],[0030]（本专利无对比例）",配方优化测试_QA_高弹性高粘结力喷涂防水涂料_CN122587593A.md
F0004,我们是南方一家做外墙水包水仿花岗岩涂料的厂子，给高端住宅和商业综合体供货。现在绿色建筑节能评分卡得严，甲方点名要求涂料本身能帮忙隔热降温——夏天西晒墙面晒得发烫，室内空调负荷下不来。厂里试过直接往漆里掺石蜡、脂肪酸这类调温料，结果放几天就往外渗油、漆膜发软，一罐漆的彩点也被搅得互相糊成一团，仿石花纹全花了。罐内防腐以前靠把防腐剂加倍硬顶，但我们漆体偏碱，放到夏天两三个月就变质。从配方上怎么解决？,"【问题诊断】题干所述""掺石蜡/脂肪酸后渗油、漆膜发软、彩点糊成一团""对应专利背景技术[0003]：直接将相变材料（如石蜡、脂肪酸等）加入涂料中会导致其渗漏、降低力学性能并破坏彩点的稳定性；""防腐剂加倍仍两三个月变质""对应[0003]：现有配方防腐体系多采用异噻唑啉酮类衍生物，在碱性涂料环境中易分解、长效性不足。传统路线失败的根源：石蜡/脂肪酸无壁材包覆，液态芯材在储存和成膜过程中自由迁移渗出，并直接接触破坏彩点凝胶结构；加大防腐剂剂量治标不治本。
【解决机理】① 相变胶囊封装：以正十八烷为芯材、密胺树脂为壁材（[0017]）——环境温度升高时芯材由固态转变为液态吸收热量，延缓涂层表面温度上升；温度降低时释放热量，实现被动式调温、降低空调能耗；密胺壁材有效阻止液态正十八烷在成膜过程中渗出，避免涂层软化、附着力下降。② 三维网络增强：密胺壁材表面丰富的氨基/亚氨基与连续相纯丙乳液羧基发生氢键交联，同时与防护组分残留镁离子形成配位作用，将彩色颗粒、相变胶囊与连续相乳液构筑成三维网络增强结构，力学性能大幅提升、耐水性能极大改善（[0017]）。③ 胶囊壁强韧化：苯乙烯-马来酸酐共聚物（SMA）既作高分子乳化剂解决正十八烷水相乳化稳定性，又作界面改性剂——酸酐基团与密胺树脂预聚体羟甲基原位共缩聚增强壁芯界面结合力，胶囊粒径均匀、壁厚适中，搅拌喷涂剪切不破（[0019]）；聚乙二醇引入密胺预聚体降低交联脆性，胶囊可形变、抗温变开裂（[0019]）。④ 协同机理：防护组分中氯化镁与硅酸镁铝离子交联，在彩色颗粒表面形成致密有韧性的""离子-胶体""复合保护膜，抑制颜料分子扩散与相互渗透、防混色串色（[0016]）；防腐采用2-正辛基-4-异噻唑啉-3-酮，在弱碱性至中性水性体系化学稳定、长效缓释，与氯化镁吸湿盐分屏障抑菌协同（[0018]）。对比例证据：对比例1与实施例1唯一区别为未使用相变胶囊，反证胶囊不可省（[0034]；性能表格为图像无法提取，结论引自[0041]文字段）。
【具体配方】三组分按重量比1:0.8-1.2:0.6-0.8（权利要求1）。分散组分：丙烯酰聚合物20-30份、羟乙基纤维素4-6份、颜料1-2.5份、二氧化钛3-5份、高岭土6-10份、润湿剂0.3-0.8份、2-正辛基-4-异噻唑啉-3-酮0.5-1.5份、水25-35份；防护组分：硅酸镁铝3-6份、氯化镁0.8-1.5份、水25-30份；连续组分：纯丙乳液60-70份、成膜助剂2.5-3.5份、增稠剂0.2-0.5份、相变胶囊10-30份、消泡剂0.3-0.6份、丙二醇3-5份、水25-35份。实施例3点值（调温强化型，[0030]，比例1:1.2:0.8）——分散组分：聚甲基丙烯酸正丁酯30份、羟乙基纤维素6份、颜料2.5份（钛黄、永固红及酞菁蓝等质量复配）、二氧化钛5份、高岭土10份、EFKA-4310润湿剂0.8份、2-正辛基-4-异噻唑啉-3-酮1.5份、水35份；防护组分：硅酸镁铝6份、氯化镁1.5份、水30份；连续组分：纯丙乳液70份、己二酸二异丁酯3.5份、DSX3100增稠剂0.5份、相变胶囊30份、BYK-077消泡剂0.6份、丙二醇5份、水35份。牌号可选范围见权利要求2-7（丙烯酰聚合物：聚甲基丙烯酸乙酯/丙酯/正丁酯/2-乙基己酯/月桂基酯任一；颜料：氧化铁红/氧化铁黄/钴蓝/钛黄/钴绿/永固红/珠光粉/酞菁蓝/棕铬黄任一；成膜助剂：二丙二醇正丁醚/三丙二醇丁醚/己二酸二异丁酯/戊二酸二异丁酯/丁二酸二异丁酯任一；增稠剂：海明斯299/TEGOViscoPlus3030/DSX3100/CA902任一；消泡剂：BYK-066N/065/077/085任一；润湿剂：DISPERBYK-161/BYK-3550/EFKA-4310任一）。
【制备工艺】S0 密胺树脂预聚体（[0032]，权利要求9）：三聚氰胺:聚乙二醇:蒸馏水=5:0.05:100（质量比，区间2-5:0.02-0.05:80-100），加热至聚乙二醇充分溶解后加入三聚氰胺质量2.5倍（1.5-2.5倍）、50wt%（30-50wt%）甲醛水溶液，80℃水浴（60-80℃）800r/min（500-800r/min）搅拌至溶液透明，20wt%（10-20wt%）NaOH水溶液调pH至9.5（8.5-9.5），继续搅拌至透明。S1 相变胶囊制备（关键工序，不可省，[0031]，权利要求8）：步骤一，苯乙烯-马来酸酐共聚物加入质量为其15倍（8-15倍）的去离子水，升温80℃（60-80℃），40wt%（30-40wt%）KOH水溶液调pH至9.5（8-9.5），保温6h（4-6h）；步骤二，加入混合组分质量12%（8-12%）的正十八烷，超声乳化均匀后升温45℃（35-45℃），低速搅拌下缓慢滴加正十八烷质量3倍（2-3倍）、35wt%（25-35wt%）密胺树脂预聚体水溶液，混匀升温85℃（70-85℃），醋酸调pH至4.5（3.5-4.5），保温固化2h（1-2h）后降至室温，乳液经洗涤抽滤、真空干燥即得。S2 三组分制备（[0033]，权利要求10）：按配方量称取各原料，分别制备分散组分、防护组分及连续组分（专利未限定具体搅拌/研磨参数）。S3 造粒（[0033]）：将分散组分在防护组分中造粒后静置得到彩色颗粒（氯化镁与硅酸镁铝在颗粒表面离子交联形成""离子-胶体""复合保护膜，[0016]）。S4 混合成品（[0033]）：彩色颗粒与连续组分混合均匀，即得水性多彩建筑涂料。
【验证标准】相变调温性能：红外灯500W、距离30cm照射30min，热电偶温度计测涂层表面温升；关闭光源后冷却10min记录温度降幅（[0037]）。耐水性：GB/T1733-1993《漆膜耐水性测定法》甲法（浸水试验法），23±2℃蒸馏水浸168h，观察涂层是否泛白、起泡、脱落（[0036]）。防霉性能：GB/T1741-2020《漆膜耐霉菌性测定法》，黑曲霉、黄曲霉、球毛壳霉等混合孢子悬液接种，28℃、相对湿度≥85%培养28天，0级为最高（[0038]）。储存稳定性：GB/T6753.3-1986《涂料贮存稳定性试验方法》，50℃储存30天，观察有无分层、沉淀、絮凝及彩点粘连结块（[0039]）。彩点稳定性：50℃恒温烘箱储存60天，观察彩点边界清晰度及有无串色混色，200目滤布过滤观察滤渣有无破裂彩点碎片（[0035]）。注：专利[0040]性能数据表为图像、pdftotext无法提取，结论引自说明书文字段[0041]。",1. 核心机理：是否命中"正十八烷为芯材、密胺树脂为壁材的相变胶囊封装，密胺壁材氨基/亚氨基与纯丙乳液羧基氢键交联、与镁离子配位构成三维网络"（未命中即不合格，1分）；2. 配方可用性：是否给出三组分1:0.8-1.2:0.6-0.8重量比、相变胶囊10-30份等权利要求范围及实施例点值（相变胶囊30份及全套牌号）；3. 工艺与协同：是否说明相变胶囊制备关键工序（SMA乳化-原位共缩聚、PEG增韧壁材）及氯化镁-硅酸镁铝离子交联保护膜防串色、2-正辛基-4-异噻唑啉-3-酮与氯化镁防霉协同；4. 负向分：是否错误推荐"直接掺石蜡/脂肪酸调温"或"加大防腐剂剂量"路线（出现即扣）,CN122427568A,CN202610667842.5(CN122427568A)_一种水性多彩建筑涂料及其制备方法.pdf,"问题场景:[0002]-[0003]; 机理:[0016]-[0019]; 配方:权利要求1-9,实施例3,[0030]; 工艺:权利要求8-10,[0031]-[0033]; 证据:对比例1,[0034]-[0041]",配方优化测试_QA_水性多彩建筑涂料_CN122427568A.md
F0005,我们是广东做建筑外墙装饰涂料工程的，项目上大量用彩色砂壁状质感涂料（红、橙色系，氧化铁红这类无机颜料调色，掺石英砂喷涂的那种）。这几年海南和本地朝南朝西墙面的问题集中出来了：完工一年多颜色就明显褪浅发白，同一面墙一块深一块浅，补色维修对不上色，业主投诉不断；用手一抹墙面还沾一手粉。往涂料里直接拌紫外线吸收剂和普通光稳定剂以前试过，头一年看着还行，经不住雨季冲刷和暴晒，效果一年比一年差。供应商给的方案基本都是让换更耐候的乳液，可我们判断颜料本身被晒坏才是根子。从配方上怎么解决？,"【问题诊断】症状对应专利背景技术 [0002]-[0003]：南方常年强紫外线（290-400 nm）+高温高湿环境下，红/橙色系无机颜料彩色涂料完工一年余即褪色、色差、粉化。根因：紫外线激发无机颜料晶格电子跃迁，诱导光化学降解，显色离子价态变化或晶格结构缺陷→颜色饱和度下降、色相偏移；高温高湿加速树脂基体水解与粉化，削弱对颜料粒子的包覆与固定，暴露的颜料受紫外辐照进一步加剧褪色（[0003]）。传统路线失败原因：①直接添加紫外线吸收剂/物理掺混型光稳定剂——高温高湿下易迁移、挥发或被雨水冲刷流失，无法长效保色（[0004]；对比例5：500h ΔE=2.2→1000h 急升至4.8）；②只聚焦树脂基体防护、未对颜料粒子做针对性紫外屏蔽与界面稳定化——颜料晶格在紫外与湿热耦合下仍直接光化学降解（[0004]）。
【解决机理】双协同（[0089]）：①颜料侧物理屏障：溶胶-凝胶法在无机颜料粒子表面包覆纳米 SiO2/TiO2 复合壳层——SiO2 提供化学惰性与壳层柔韧性，TiO2 增强紫外反射与散射，二者协同形成致密物理屏障，有效阻隔水分、氧气及紫外线对颜料晶格的侵蚀，抑制颜料光化学降解（[0011]/[0040]；对比例4 不包覆 ΔE=5.8、粉化4级，全样品最差）。②光稳定剂侧化学锚定：受阻胺光稳定剂母体（TMP/PMP）与含烷氧基硅烷基和/或环氧基的化合物（KH-560等）反应制得反应型 HALS；其烷氧基硅烷基团与硅丙乳液硅羟基发生缩合反应、环氧基团与羧基或羟基发生开环加成反应，以共价键锚定于硅丙树脂聚合物主链，彻底解决小分子 HALS 因迁移、抽提、挥发导致的失效（[0013]/[0014]/[0041]；对比例5 物理掺杂型 ΔE=4.8）。③锚定结构优选：KH-560 兼具环氧基+烷氧基硅烷基双重锚定，优于三乙氧基硅烷（实施例5 ΔE=2.2）与 AGE 单点锚定（对比例6 ΔE=3.2）（[0078]/[0088]）；母体:KH-560=1:1.2 适当过量可提高锚定密度（实施例6 1:1 时 ΔE 增加0.3，[0079]）。④体系前提：硅丙乳液（固含量40%~55%，含羟基/羧基/硅羟基至少一种可反应性基团）提供锚定位点（[0010]；对比例3 换普通丙烯酸乳液 ΔE=3.8、附着力降至1级）。⑤工艺协同：缓慢加入原料+梯度升高转速+控制体系温度≤50℃避免颜料团聚和乳液破乳（[0042]；对比例1 一次性投料直接1000rpm不控温 ΔE=5.5、粉化4级、附着力2级）；反应型 HALS 必须在步骤（1）液相预混阶段加入，确保与硅丙树脂活性基团充分接触并化学交联（[0042]；对比例2 增稠后加入 ΔE=4.0、附着力1级）。
【具体配方】权利要求1范围（质量份）：硅丙乳液45-55、表面包覆型彩色颜料15-25、反应型受阻胺光稳定剂0.5-1.5、填料20-40、分散剂0.2-1.0、润湿剂0.1-0.5、消泡剂0.1-0.5、增稠剂0.2-1.0、成膜助剂1.5-2.5、去离子水10-20。优选：复合壳层 SiO2:TiO2 摩尔比2:1至3:2、厚度25~80 nm（权利要求2）；填料为石英砂（40~80目）、重质碳酸钙（200~400目）或其混合物（[0015]）；硅丙乳液固含量40%~55%且含羟基/羧基/硅羟基反应性基团（[0010]）。实施例1点值（质量份，[0049]-[0051]）：硅丙乳液50（固含量40%~55%，含反应性基团）；表面包覆型氧化铁红颜料15（自制，壳层45~55 nm，SiO2:TiO2=3:2）；反应型HALS 1.2（自制，TMP:KH-560=1:1.2摩尔比）；石英砂35（80目）；聚羧酸钠盐分散剂0.5；烷基聚氧乙烯醚润湿剂0.3；聚醚改性有机硅消泡剂0.2；醇酯十二成膜助剂2；碱溶胀型丙烯酸酯增稠剂0.5（加入前用去离子水按质量比1:2预稀释）；去离子水15（可预热30~40℃）。用量敏感性：反应型HALS提至1.5份→1000h ΔE=1.6（全实施例最低，用量与保色效果正相关，实施例8）；降至0.8份→ΔE=2.5（实施例中最高，实施例9）；颜料提至25份→ΔE=1.9（高颜料添加量下仍良好保色，实施例7）。施工提示：按JG/T 23-2001刷涂法涂覆两道、间隔>4h，标准状态养护7天（[0068]）。
【制备工艺】S1 表面包覆型彩色颜料制备（关键工序，不可省；权利要求8/[0022]-[0026]）：15份氧化铁红与乙醇-水混合溶剂（体积比1:1）按质量比1:8（区间1:5~1:10）混合，600rpm搅拌20min（区间500~800rpm、15~30min），60kHz超声15min（区间40~80kHz、10~20min）解聚至D90≤2μm（实测1.5μm），氨水调pH至8.5（区间8.0~9.0）；正硅酸乙酯:钛酸四丁酯=2:1摩尔比（投料比区间2:1~3:1）混合溶于无水乙醇配1.0mol/L前驱体溶液（区间0.5~1.5mol/L），以0.8mL/min滴加（区间0.5~1.0mL/min），滴加过程维持50℃（区间40~60℃）；滴完后50℃水浴继续搅拌反应6h（区间4~8h）；5000rpm离心12min（区间4000~6000rpm、10~15min），无水乙醇与去离子水各洗涤3次，105℃干燥12h（区间100~110℃、8~16h）；产物壳层45~55nm（TEM）、SiO2:TiO2=3:2（EDS）。对比例4证明不包覆→ΔE=5.8、粉化4级；实施例3/4证明50℃、6h较40℃、4h壳层更致密更厚（ΔE分别低0.2/0.6）。S2 反应型HALS制备（关键工序，不可省；权利要求9/[0030]-[0034]）：10份TMP（2,2,6,6-四甲基哌啶醇）与16.6份KH-560按摩尔比1:1.2（区间1:1~1:1.5）溶于50份无水甲苯（或无水四氢呋喃/二甲基亚砜），氮气保护升温至75℃（区间70~80℃），加入0.08份三乙胺催化剂（占反应物总质量0.3%，区间0.1%~0.5%；亦可选二月桂酸二丁基锡/4-二甲氨基吡啶），搅拌反应8h（区间6~12h）；50℃、-0.09MPa减压蒸馏除甲苯得粗产物，柱层析纯化（洗脱剂石油醚:乙酸乙酯=4:1体积比；亦可重结晶——正己烷/乙酸乙酯，或水洗萃取），40℃、-0.09MPa蒸除洗脱剂得淡黄色粘稠液体。S3 涂料配制（三步法；权利要求6/[0035]-[0038]）：（1）液相预混——将50份硅丙乳液、1.2份反应型HALS、0.5份分散剂、0.3份润湿剂、0.2份消泡剂、2份成膜助剂及15份去离子水（可预热30~40℃）依次加入分散釜，400rpm搅拌20min（区间300~500rpm、15~30min）至均一无分层；HALS必须在本步加入方可与乳液活性基团化学锚定（对比例2证据）。（2）高速分散——400rpm搅拌下缓慢加入15份包覆颜料与35份石英砂（加料约8min，维持300~500rpm），加完后逐步升速至1000rpm（每2min提升100rpm）高速分散35min（区间800~1200rpm、30~40min），通循环冷却水控制体系温度≤50℃防乳液破乳（对比例1证据）。（3）调粘过滤——转速降至600rpm（区间500~800rpm），缓慢加入0.5份预稀释（1:2）碱溶胀型丙烯酸酯增稠剂，继续搅拌15min（区间10~20min），斯托默粘度计调节粘度至90~110KU（实施例100KU），静置消泡10~15min，经100目筛网过滤（区间80~120目）即得。
【验证标准】专利引用测试标准：涂层制备 JG/T 23-2001《建筑涂料涂层试板的制备》（刷涂法两道、间隔>4h，标准状态养护7天）；底板 JC/T 412.1-2018《纤维水泥平板 第1部分：无石棉纤维水泥平板》（3~4mm、150mm×70mm，打磨后浸水至pH≈10）；状态调节 GB/T 9278-2008（温度23±2℃、相对湿度50±5%）；人工气候老化 GB/T 1865-2009（UVA-340灯管，60℃紫外光照4h+50℃冷凝4h为一循环，总老化时长1000h，500h/1000h取样）；色差评级 GB/T 1766-2008（ΔE≤1.5为0级无变色，1.6~3.0为1级很轻微变色）；粉化评级 GB/T 1766-2008 胶带纸法（参照ISO 4628-6）；附着力 GB/T 9286-2021《色漆和清漆 划格试验》。测试结论（文字段[0074]-[0088]）：实施例1老化1000h后ΔE=1.8、色差1级、粉化1级、附着力0级；实施例1~9色差均为1级、粉化均为1级、附着力均为0级；对比例1/4 ΔE≥5.5、粉化4级为分散工艺缺失与颜料未包覆之鉴。注：专利表1为图像，pdftotext无法提取，数值结论引自说明书文字段。",1.核心机理：是否命中"颜料表面SiO2/TiO2复合壳层物理屏障抑制颜料晶格光化学降解+反应型受阻胺光稳定剂共价锚定于硅丙乳液聚合物主链"的双协同机理（未命中即不合格，1分）；2.配方可用性：是否给出权利要求范围（硅丙乳液45-55份、表面包覆型彩色颜料15-25份、反应型HALS 0.5-1.5份等）及实施例1点值（50/15/1.2/35份+全部助剂规格）；3.工艺与协同：是否说明溶胶-凝胶包覆关键参数（pH8.0-9.0、40-60℃、4-8h、壳层25~80nm、SiO2:TiO2=2:1~3:2）、HALS须在液相预混阶段加入、高速分散梯度升速且控温≤50℃，并引用对比例证据链；4.负向分：是否错误推荐"继续物理掺混紫外线吸收剂/传统光稳定剂"或"只换耐候乳液而不处理颜料粒子"（出现即扣）,CN122542064A,建筑涂料专利集\CN202610681371.3(CN122542064A)_一种高包覆性高保色砂胶涂料及其制备方法.pdf,"问题场景:[0002]-[0005]; 机理:[0011],[0013]-[0014],[0040]-[0042]; 配方:权利要求1-5,[0010]-[0020],实施例1,[0049]-[0051]; 工艺:权利要求6-9,[0022]-[0038],实施例1; 证据:对比例1-6,[0074]-[0088]",配方优化测试_QA_高包覆性高保色砂胶涂料_CN122542064A.md
F0006,我们是高速公路隧道养护单位的，管着南方山区一组长隧道的土建养护。洞里湿度大，侧壁和拱圈常年渗水，冷凝水顺着墙面成片往下淌。现在用的环氧类防腐涂层，两三年就开始吸水发软、表面泛白，接着鼓包，最后成片从墙皮上撕脱，检修道一侧最严重。趁今年整体翻新想从配方上根治。以前把普通环氧防腐漆加厚多刷两遍，撑不过一个雨季就又鼓；往漆里掺粉料堵孔隙的路子也试过，水膜照样贴着墙面铺开。从配方上怎么解决？,"【问题诊断】
症状对应专利背景技术[0002]：传统隧道用环氧涂料表面能较高、疏水性不足，冷凝水或渗漏水极易铺展、润湿涂层表面并渗入涂层与基材的界面，为水汽和侵蚀离子提供通道，长期使用后涂层增重、软化、附着力严重下降，最终从基材上脱落。传统路线失败原因：加厚涂刷普通环氧漆不改变表面润湿行为（对比例1，[0026]）；只掺无机粉料堵孔隙而不降低表面能，水膜照样铺展润湿（对比例2，[0027]）。

【解决机理】
核心思路：低表面能组分 + 表面微观粗糙度协同，构建超疏水表面，有效阻止水分侵入（[0018]）。
1. 化学降表面能：氟化环氧基荧光素螺内酰胺化合物分子结构上含大量氟原子和环状结构，化学稳定性和疏水性优异，显著降低涂料表面能（[0018]/[0019]）。
2. 物理建粗糙度：改性石墨烯 + 改性二氧化硅构建涂层表面微观粗糙度，与低表面能结合形成超疏水表面（[0018]）。
3. 化学键锚定（区别于物理共混）：氟化化合物上多个环氧基团参与固化交联反应，以化学键形式分布于涂层中（[0019]）；改性石墨烯由KH-560硅氧烷水解成硅醇接枝到氧化石墨烯表面并引入环氧基团，均匀分散并以化学键稳定存在于涂层，二维片状结构高比表面积实现高阻隔、抑制腐蚀介质侵蚀（[0020]）；改性二氧化硅由KH-792接枝引入氨基/亚氨基实现化学键连接、均匀填充，平均粒径10nm填充涂层微缝隙缺陷、提高致密程度（[0021]）。
对比例证据：对比例1（三种改性剂全不加，[0026]）、对比例2（缺氟化化合物，[0027]）、对比例3（缺改性石墨烯，[0028]）、对比例4（缺改性二氧化硅，[0029]）均显著劣于实施例；[0033]总结：三者同加能显著提升水接触角、显著降低吸水率（[0032]表数值为图像无法提取，结论引自文字段）。

【具体配方】
权利要求1范围（重量份）：环氧树脂E-51 60-70份；丁基缩水甘油醚20-25份；氟化环氧基荧光素螺内酰胺化合物1-13份；改性石墨烯0.8-1.6份；改性二氧化硅2-10份；消泡剂BYK-066N 0.3-0.7份；聚醚胺D230 70-75份；2，4，6-三（二甲胺基甲基）苯酚1-5份。
实施例2点值（重量份）：环氧树脂E-51 65份；丁基缩水甘油醚22份；氟化环氧基荧光素螺内酰胺化合物7份（自制，S1-S3）；改性石墨烯1.2份（自制，KH-560改性，氧化石墨烯来源于中科金研（北京）科技有限公司，[0013]）；改性二氧化硅6份（自制，KH-792改性，纳米二氧化硅平均粒径10nm）；消泡剂BYK-066N 0.5份；聚醚胺D230 72份；2，4，6-三（二甲胺基甲基）苯酚3份。
（实施例1/实施例3为下限/上限组合：氟化物1/13份、石墨烯0.8/1.6份、二氧化硅2/10份、E-51 60/70份、丁基缩水甘油醚20/25份、BYK-066N 0.3/0.7份、D230 70/75份、促进剂1/5份。）
施工提示（[0030]）：喷涂于打磨洗净的基面，涂层厚度100±2μm，阶梯固化90℃ 0.5h → 120℃ 2h → 150℃ 1h。

【制备工艺】
S1 氨基荧光素螺内酰胺化合物：10mmol荧光素 + 22mmol 1，3，5-三氨基苯 + 75mL乙醇，氮气保护，22℃、250r/min搅拌25min，升温85℃反应7h；冷却、旋蒸除溶剂、倒入冰水、真空抽滤，滤饼以淋洗剂A（二氯甲烷:乙醇=19:1体积比）硅胶柱层析纯化。区间：20-25℃预搅20-30min、80-90℃反应6-8h；投料比10mmol:20-25mmol:70-80mL；淋洗剂A 18-20:1（权利要求2、[0005]-[0007]）。
S2 氟化荧光素螺内酰胺化合物：10mmol S1产物 + 32mmol三乙胺 + 22mmol全氟丁基磺酰氟 + 95mL二氯甲烷，氮气保护，3℃、250r/min搅拌1.5h，升温22℃反应4.5h；真空抽滤、滤液旋蒸、乙醇/丙酮依次洗涤2次、55℃真空干燥3h。区间：0-5℃ 1-2h、20-25℃ 4-5h；投料比10mmol:30-35mmol:21-23mmol:90-100mL；干燥50-60℃ 2-4h（权利要求3、[0008]）。
S3 氟化环氧基荧光素螺内酰胺化合物（关键工序，不可省——环氧基团是化学键锚定于涂层的前提）：10mmol S2产物 + 32mmol碳酸钾 + 145mmol环氧氯丙烷，氮气保护，22℃、250r/min搅拌25min，升温115℃反应8h；冷却后倒入乙酸乙酯:蒸馏水=1:1混合溶剂静置分层，有机相硫酸钠干燥、真空抽滤、旋蒸，淋洗剂B（石油醚:乙酸乙酯=2.5:1体积比）柱层析纯化。区间：20-25℃预搅20-30min、110-120℃反应6-10h；投料比10mmol:30-35mmol:140-150mmol；淋洗剂B 2-3:1（权利要求4、[0009]/[0010]）。
S4 改性石墨烯（不可省，对比例3证据）：7.5g KH-560 + 35mL蒸馏水 + 65mL乙醇，氮气保护，22℃、250r/min搅拌25min，乙酸调pH至3.5继续搅25min，加1g氧化石墨烯升温85℃反应6h；冷却、真空抽滤、蒸馏水洗2次、55℃真空干燥3h。区间：KH-560:蒸馏水:乙醇:氧化石墨烯=5-10g:30-40mL:60-70mL:1g；pH 3-4；80-90℃ 5-7h；干燥50-60℃ 2-4h（权利要求5/6、[0011]-[0013]）。
S5 改性二氧化硅（不可省，对比例4证据）：2g纳米二氧化硅（平均粒径10nm）+ 4g KH-792 + 85mL乙醇，氮气保护，22℃、250r/min搅拌25min，质量分数1.5%盐酸调pH至3.5，升温75℃反应6h；冷却、真空抽滤、蒸馏水洗2次、55℃真空干燥4h。区间：纳米二氧化硅:KH-792:乙醇=2g:2-6g:80-90mL；盐酸质量分数1-2%；pH 3-4；70-80℃ 5-7h；干燥50-60℃ 3-5h（权利要求7/8、[0014]-[0016]）。
S6 称量：按配方表称取各组分备用。
S7 调漆（两段控温，权利要求9、[0017]）：E-51、丁基缩水甘油醚、氟化化合物、改性石墨烯、改性二氧化硅、BYK-066N加入混合机，45℃、800r/min搅拌反应40min；降温至22℃加入聚醚胺D230、2，4，6-三（二甲胺基甲基）苯酚，继续搅拌25min得成品。区间：前段40-50℃、600-1000r/min、30-50min；降温至20-25℃；后段20-30min。

【验证标准】
该专利未引用国标测试标准号，采用其自定义测试方法（[0030]/[0031]）：
1. 涂层制备：喷涂于打磨洗净的马口铁钢片，涂层100±2μm，阶梯固化90℃ 0.5h → 120℃ 2h → 150℃ 1h；
2. 水接触角：以蒸馏水为测试液滴，测试涂层水接触角；
3. 吸水率：0.5g涂层浸泡于25℃蒸馏水200h，取出擦干称重，吸水率=（浸泡后涂层重量-浸泡前涂层重量）/浸泡前涂层重量×100%；
4. 耐水外观：含涂层马口铁（150×100×0.28mm）浸泡于25℃蒸馏水200h，观察涂层变化情况。
结论（[0033]）：实施例1-3与对比例1-4相比，同时添加氟化环氧基荧光素螺内酰胺化合物、改性石墨烯及改性二氧化硅能显著提升水接触角、显著降低吸水率，耐水疏水性能优异。（[0032]表1数值为图像无法提取，结论引自说明书文字段。）",核心机理：是否命中“含氟低表面能化合物降表面能+改性石墨烯/改性二氧化硅构建微观粗糙度，协同形成超疏水表面阻止水分侵入”（未命中即不合格，1分）；配方可用性：是否给出氟化化合物1-13份、改性石墨烯0.8-1.6份、改性二氧化硅2-10份的量级控制及实施例2点值（E-51 65/丁基缩水甘油醚22/氟化物7/石墨烯1.2/二氧化硅6/BYK-066N 0.5/D230 72/促进剂3份）；工艺与协同：是否说明三种改性剂各自的化学键锚定方式（氟化化合物环氧基团参与固化交联、KH-560接枝石墨烯引环氧基、KH-792接枝二氧化硅引氨基/亚氨基）、S1-S7关键温度时间控制，及对比例1-4证明三者缺一不可；负向分：是否错误推荐“加厚多刷普通环氧涂层”或“只掺无机粉料堵孔隙”路线（出现即扣）,CN122405116A,建筑涂料专利集\CN202610745467.1(CN122405116A)_一种改性耐水疏水隧道专用涂料及其制备方法.pdf,"问题场景:[0002]-[0003]; 机理:[0018]-[0021]; 配方:权利要求1-8,[0005]-[0016],实施例2; 工艺:权利要求9,[0005],[0011],[0014],实施例2S1-S7; 证据:对比例1-4,[0030]-[0033]",配方优化测试_QA_改性耐水疏水隧道涂料_CN122405116A.md
F0007,我们是做工程内墙乳胶漆的厂子，接了个幼儿园精装修项目，业主验收卡两条：涂料送第三方检测，挥发性有机物指标要做到 5 g/L 以内；还要有密闭舱实测的除甲醛数据（样板封在舱里 24 小时看甲醛浓度降幅）。现在的配方为了过环保检测把成膜助剂全砍了，问题跟着来：送检样板在舱里闷一天，甲醛浓度基本没动，净化效率只有 10% 上下，等于没有；漆膜也软，耐洗刷一千多次就露底。直接往浆里掺液体胺类甲醛清除剂以前试过，罐子放一两个月就变稠分层没法用。醇酯十二这类成膜助剂也不想加回去，加了环保检测就过不了。从配方上怎么解决？,"【问题诊断】
送检症状与专利背景逐条对应：①“砍成膜助剂后漆膜软、耐洗刷一千多次露底”——低Tg乳液体系去除挥发性助剂后漆膜耐洗刷等性能难以达标（[0002]），对比例3实测仅1300次（表1，[0046]）；②“密闭舱净化效率10%上下等于没有”——现有低VOC涂料缺乏甲醛主动捕捉功能（[0002]/[0004]），对比例3实测10.6%。传统路线失败原因：直接掺液胺类甲醛清除剂——多胺基结构难以有效引入涂料体系并保持长期活性、避免损害储存稳定性（[0003]，即题干“一两个月变稠分层”）；加回醇酯十二——其成膜时缓慢挥发进入室内空气，是VOC主要来源（[0002]），题干VOC≤5g/L下不可行；传统小分子/线性聚合物分散剂——分散效率有限且易从漆膜迁移析出，影响耐水性和附着力（[0003]）。
【解决机理】
核心：自制两个关键组分，零挥发性成膜助剂+双交联协同。1）改性化合物A（N-(2-氨基乙基)-3-氨基丙基甲基二甲氧基硅烷改性甲基丙烯酸缩水甘油酯-聚醚胺-环氧大豆油开环共聚物）：①骨架富含伯胺基/仲胺基，与甲醛发生不可逆亲核加成，把甲醛固定于漆膜内杜绝二次释放（[0006]/[0019]）——主治甲醛净化（对比例1缺A：净化效率从86.5%崩至12.3%，[0046]）；②侧链二甲氧基硅烷基团成膜时水解生成硅羟基并脱水缩聚自交联，生成硅氧交联网络（[0006]）；③本身为反应型成膜组分，完全替代醇酯十二，体系唯一可挥发介质仅为去离子水，VOC极低（[0018]），满足题干≤5g/L。2）改性化合物B（二乙烯三胺封端超支化聚甘油接枝聚丙二醇二缩水甘油醚星形共聚物）：①星形拓扑——外围多胺基团锚定钛白粉/填料颗粒表面，聚醚长臂向水相舒展构筑空间位阻屏障，浆料高度稳定（[0006]/[0014]）；②末端胺基与乳液聚合物羧基及环氧基开环交联（[0019]）。3）协同：A的硅氧交联网络+B的胺基交联，两种机制协同使漆膜形成有机-无机互穿网络结构，大幅提升致密性、耐洗刷性、硬度和附着力（[0019]）——治砍助剂后遗症而无需加回醇酯十二。对比例证据：缺A（对比例1）净化12.3%、耐洗刷2400次、硬度2B、附着力1级；缺B（对比例2）耐洗刷3800次、储存稳定性中、粘度变化率18.3%；双缺（对比例3）净化10.6%、耐洗刷1300次、附着力2级、粘度变化率22.6%；实施例1-3全面达标（VOC 2.8-3.8g/L、净化84.2-87.8%、耐洗刷7800-8500次，[0046]-[0048]）。
【具体配方】
权利要求1范围（质量份）：S1——去离子水20-35；改性化合物B 0.5-2.0；聚醚改性聚硅氧烷0.1-0.4；钛白粉15-25；煅烧高岭土8-15；重质碳酸钙5-12；滑石粉2-5。S2——苯丙乳液25-35；丙烯酸乳液15-25；改性化合物A 2.0-6.0（与3-5份甲基异丁基酮预混加入）；缔合型聚氨酯增稠剂0.3-1.2；2-氨基-2-甲基-1-丙醇0.1-0.4（调pH至8.0-9.5）；补加聚醚改性聚硅氧烷0.1-0.4；1,2-苯并异噻唑啉-3-酮0.1-0.3。
实施例1点值（g，可直接执行）：S1——去离子水27.5；改性化合物B 1.25（自制，固含量32.5wt%、pH 7.25）；聚醚改性聚硅氧烷0.25；金红石型钛白粉20；煅烧高岭土11.5；重质碳酸钙8.5；滑石粉3.5。S2——苯丙乳液30；纯丙烯酸乳液20；改性化合物A 4.0（自制，与4g甲基异丁基酮预混后滴加）；缔合型聚氨酯增稠剂0.75；2-氨基-2-甲基-1-丙醇（AMP-95）0.25；pH调至8.75；补加聚醚改性聚硅氧烷0.25；1,2-苯并异噻唑啉-3-酮0.2。施工提示：研磨细度≤40μm方可停止，出料前200目滤网过滤。
【制备工艺】
预制件一 改性化合物A（关键工序，不可省——对比例1证据）：A1——100g环氧大豆油+125g聚醚胺D-230入四口烧瓶，200rpm，高纯氮气0.5L/min置换15min（正压0.02MPa），115℃保温反应4h（区间110-120℃，环氧值降至初始5%以下）；降温85℃加0.06g吩噻嗪+0.6g三苯基膦搅10min；滴加20g甲基丙烯酸缩水甘油酯（GMA）溶于30g甲基异丁基酮（MIBK）的溶液，0.5mL/min、85±2℃、约60min滴完；85℃继续反应4h（区间80-90℃、3-5h），FTIR监测910cm?1环氧峰消失而1635cm?1双键峰保留（吩噻嗪防双键自聚、三苯基膦催化开环，[0010]）。A2——加15g N-(2-氨基乙基)-3-氨基丙基甲基二甲氧基硅烷（KH-602）+50g MIBK，70℃氮气保护反应4h（区间60-80℃、3-5h），GC监测KH-602残留<1%；减压蒸馏（60℃、-0.095MPa）脱除MIBK至无馏分，得改性化合物A（KH-602氨基与侧链双键迈克尔加成，[0010]）。
预制件二 改性化合物B（关键工序，不可省——对比例2证据）：B1——0.55g季戊四醇+0.06g甲醇钠，氮气0.3L/min，升温98℃；0.2mL/min滴加12.5g缩水甘油（99℃、约60min）；升温103℃保温聚合4h（区间100-105℃、3-5h）；冷却60℃加7.5g甲醇终止15min；旋蒸（50℃、-0.095MPa）得超支化聚甘油（HPG）核。1.75g HPG+0.06g氢氧化钾溶于20g二丙二醇二甲醚（DMM），60℃、200rpm活化45min；0.3mL/min滴入预先加热至90℃的15g聚丙二醇二缩水甘油醚（PPG-DGE）中（90±2℃、约70min），90℃继续反应3h（环氧值降至初始15%以下）得星形中间体；6.5g二乙烯三胺（DETA）+11.5g丙二醇单甲醚（PGME）升温60℃，中间体0.3mL/min滴入（60±2℃、约90min），60℃继续反应2h封端。B2——旋蒸（55℃、-0.095MPa）脱未反应DETA与部分PGME；加去离子水调固含量32.5wt%；300rpm冰醋酸逐滴调pH至7.25（25℃精密pH计，区间7.0-7.5）。
S1 颜填料浆料：27.5g去离子水入不锈钢高速分散釜（夹套循环水25±2℃）；400rpm依次加1.25g改性化合物B和0.25g聚醚改性聚硅氧烷，搅拌8min至无团块；升1000rpm分三批（每批间隔3min）加20g金红石型钛白粉、11.5g煅烧高岭土、8.5g重质碳酸钙、3.5g滑石粉；升2000rpm高速分散研磨35min（区间30-40min），每10min刮板细度计检测，细度≤40μm停止。
S2 调漆：转速降900rpm，依次加30g苯丙乳液、20g纯丙烯酸乳液；4.0g改性化合物A与4g MIBK于烧杯300rpm磁搅5min至均相透明，恒压滴液漏斗以2mL/min滴加入釜（保持900rpm，约4min），加完继续搅拌25min；500rpm下加0.75g缔合型聚氨酯增稠剂和0.25g AMP-95，搅10min；精密pH计测量，调pH至8.75（区间8.0-9.5）；补加0.25g聚醚改性聚硅氧烷和0.2g 1,2-苯并异噻唑啉-3-酮；降300rpm慢速脱泡17.5min（区间15-20min）；200目滤网过滤出料。
【验证标准】
（专利自述测试方法[0040]-[0045]，专利未引用外部标准号）VOC含量（[0040]）：试样105±2℃鼓风干燥1h测不挥发物，GC-FID（正己烷校准曲线）测未反应挥发性有机物，乘以比重瓶（23±0.5℃）测定的密度，单位g/L——实施例1-3为2.8-3.8g/L，满足题干≤5g/L。甲醛净化效率（[0041]）：样板500mm×500mm浮法玻璃板、涂布量150±5g/m2、23±2℃/50±5%RH养护7天，3块样板入1m3密闭试验舱（23±2℃/50±5%RH），注射甲醛初始浓度1.00±0.10mg/m3，密闭24h后乙酰丙酮分光光度法（412nm）测定残留浓度，净化效率=(初始浓度-残留浓度)/初始浓度×100%——实施例1为86.5%（对比例1缺A仅12.3%，[0046]）。耐洗刷性（[0042]）：无石棉纤维增强水泥板430mm×150mm×5mm、涂布量200±10g/m2分两道（间隔24h）、养护28天，0.5%肥皂水、猪鬃刷负荷450±10g、洗刷速度37±1次/min——实施例1为8200次（对比例3仅1300次）。铅笔硬度（[0043]）：中华牌绘图铅笔6B-6H、45°角、约1cm/s推进——实施例1为HB。附着力（[0044]）：马口铁板划格间距1mm的10×10方格、胶带粘附力10±1N/25mm、60°角0.5s撕下——实施例1为0级。储存稳定性（[0045]）：500mL密封容器装样90%、50±2℃恒温烘箱30天，旋转粘度计（2号转子、6r/min、25±0.5℃）测储存前后粘度——实施例1为优（无分层/沉淀/结皮/凝胶），粘度变化率5.2%（对比例2/3为18.3%/22.6%）。",是否命中“富含游离胺基的开环共聚物与甲醛不可逆亲核加成捕获+硅烷侧链水解缩聚自交联+星形共聚物分散/交联，双交联协同提升耐洗刷”核心机理（未命中即1分）;是否给出改性化合物A 2.0-6.0份、改性化合物B 0.5-2.0份量级的可用配方及实施例1点值（27.5水/1.25B/20钛白/11.5高岭土/8.5重钙/3.5滑石粉/30苯丙/20纯丙/4.0A/0.75增稠/0.25AMP-95/0.25硅氧烷补加/0.2BIT，pH 8.75）;是否说明两种改性化合物的自制工序（A1接枝/A2迈克尔加成/减压蒸馏脱MIBK；B1核-臂-封端/B2中和调pH7.0-7.5）及研磨30-40min、pH8.0-9.5、脱泡15-20min工艺点值，并给出对比例1-3证据链;是否错误推荐“直接掺液体胺类甲醛清除剂”或“加回醇酯十二类成膜助剂”（负向分，出现即扣）,CN122278269A,CN202610760044.7(CN122278269A)_一种低VOC环保建筑内墙涂料组合物及其制备方法.pdf,"问题场景:[0002]-[0004]; 机理:[0006],[0010],[0014],[0018]-[0019]; 配方:权利要求1-9,实施例1,[0023]-[0024]; 工艺:权利要求1-9,[0025]-[0028],实施例1S1-S2; 证据:对比例1-3,[0040]-[0048]",配方优化测试_QA_低VOC环保内墙涂料_CN122278269A.md
F0008,我们厂在南方做竹集成材构件（景观廊架、格栅板、栈道板），出厂前辊一道水性防火涂层。问题出在安装后头一年：梅雨季加夏天暴晒来回几轮，涂层跟竹材表面开始脱粘，先是边角起壳，后来成片往下掉，刀一撬整块就揭得下来，露出光滑的竹青面，复检时耐火时间比出厂值掉了一大截。换过两三款市售的水性封闭底漆先打底再辊防火涂层，照样从底漆和竹面之间脱开。也试过把防火涂层里乳液比例加大、想裹得更牢，结果烧的时候炭层发虚、耐火时间反而更短。从配方和涂层结构上怎么解决？,"【问题诊断】
症状对应 CN122542040A 背景技术 [0003] 第一缺陷：现有木竹用膨胀型防火涂料与基材界面结合力弱，长期使用或受温湿度变化影响易脱粘、脱落，涂层一旦脱粘防火保护即告失效（复检耐火时间下降即其后果，[0002]）。竹材表面（尤其竹青面）光滑致密，普通水性底漆仅靠物理吸附与浅表机械咬合，干湿循环叠加竹木吸湿胀缩后界面应力累积、成片脱开。两条已试路线失败原因：①换市售水性封闭底漆——缺少能与木竹纤维素羟基共价键合的组分，实验一组3（[0058]）证明去除渗透锚固单体后附着力由0级降至2级、界面结合强度由2.1MPa降至0.8MPa、氧指数由27%降至23%；②加大乳液用量——[0026] 第二成膜单体大于18份会稀释阻燃成分、降低防火性能，[0028] 改性膨胀阻燃体系小于40份无法形成足够厚度和强度的膨胀炭层，牺牲防火性能换包裹是假解。
【解决机理】
核心：三层梯度结构（锚固底层/阻燃层/耐候面层）+ 界面共价键合（[0016]）。
1. 锚固底层治脱粘：含磷酸酯基团的丙烯酸酯类渗透锚固单体（0.15~0.75份，实施例0.45份）渗入木竹基材表面孔隙，与木竹纤维素羟基形成共价键合（[0025]），将物理贴附变为化学锚固；磷酸酯基团兼具阻燃协效；第一成膜单体硬单体质量大于软单体（甲基丙烯酸甲酯6/丙烯酸丁酯3/丙烯酸1）保障底层刚性与高温稳定性（[0024]；实验一组5：软>硬时200℃软化流淌、附着力1级）。
2. 层间共价缝合：阻燃层内交联单体（1,6-己二醇二丙烯酸酯+三丙二醇二丙烯酸酯复配）未完全反应的端基双键与锚固底层残留磷酸酯基团、耐候面层活性基团发生界面共价键合（权利要求1/[0027]），三层化学缝合为一体，层间不再脱开。
3. 可聚合乳化剂防迁移：2-丙烯酰胺基-2-甲基丙磺酸钠/烯丙基聚氧乙烯醚硫酸铵参与共聚并化学键合到分子链，避免传统乳化剂成膜后迁移至涂层表面导致耐水性下降、附着力降低（[0052]；实验一组4：普通乳化剂路线分层沉淀、附着力1级、耐水严重起泡脱落）。
4. 面层界面增强：硅烷偶联剂（γ-甲基丙烯酰氧基丙基三甲氧基硅烷:γ-缩水甘油醚氧丙基三甲氧基硅烷=7:3）提升耐候面层与阻燃层界面结合力（[0033]；实验三组3：无偶联剂与阻燃层脱粘）。
5. 阻燃层本体协同：复配内交联单体分步自由基加成聚合形成梯度互穿网络（[0027]/[0037]）；硅酸铝短切纤维（优选长75μm、径6~8μm）受火时与聚磷酸在膨胀炭层中形成无机纤维增强三维网络（[0039]/[0040]/[0042]）；聚磷酸铵以可聚合硅烷偶联剂为壁材微胶囊包覆（包覆率6~9%）并与内交联单体共聚键合入网络，避免团聚迁移析出（[0039]/[0041]）。
对比例证据：实验一组3（去渗透锚固单体）附着力2级/0.8MPa；实验一组4（去可聚合乳化剂）分层沉淀/严重起泡脱落；实验一组5（软>硬单体）200℃软化流淌；实验二组5（单一HDDA不复配）弯曲0.5mm开裂/耐火1.2h；实验二组6（聚磷酸铵未包覆）团聚/耐水起泡；实验四组2（去阻燃层）耐火1.5h降至0.25h；实验四组3（去耐候面层）老化1000h后耐火保留率仅35%、附着力0级降至3级（[0058]-[0060]/[0067]/[0068]/[0080]/[0081]）。
【具体配方】
三层梯度结构，各层按质量份数计（实施例均为100份总量）：
1. 锚固底层（权利要求1：第一成膜单体7~13份、渗透锚固单体0.15~0.75份；实施例[0055]）：第一成膜单体10份（甲基丙烯酸甲酯6份+丙烯酸丁酯3份+丙烯酸1份）、含磷酸酯基团的丙烯酸酯类渗透锚固单体0.45份、2-丙烯酰胺基-2-甲基丙磺酸钠可聚合乳化剂0.8份、过硫酸铵引发剂0.1份、去离子水88.65份。
2. 阻燃层（权利要求1/3/5：第二成膜单体10~18份、内交联单体2.5~7.5份、改性膨胀阻燃体系40~55份、无机填料5~14份、去离子水10~25份、环保助剂0.3~1.2份；HDDA:TPGDA=7:3~5:5；聚磷酸铵:硅酸铝纤维=20:1~40:1；季戊四醇:微晶纤维素=4:1~3:1；实施例[0062]）：第二成膜单体14份（甲基丙烯酸甲酯6+丙烯酸丁酯7+丙烯酸1）、内交联单体5份（1,6-己二醇二丙烯酸酯3+三丙二醇二丙烯酸酯2，质量比6:4）、改性膨胀阻燃体系48份（表面改性聚磷酸铵30+季戊四醇12+微晶纤维素4+三聚氰胺1.5+硅酸铝短切纤维0.5，纤维长60~90μm优选75μm、径6~8μm；注：实施例聚磷酸铵:纤维=30:0.5即60:1，与权利要求20:1~40:1表述有差异，按原文记录）、煅烧高岭土9份、去离子水22份、聚氨酯类增稠剂0.4份、聚醚改性硅氧烷流平剂0.3份、烯丙基聚氧乙烯醚硫酸铵可聚合乳化剂1.3份。
3. 耐候面层（权利要求1/6/8/10：核壳结构丙烯酸酯乳液5~11份、硅烷偶联剂0.2~0.9份、常温自交联单体0.4~1.4份、复合抗菌剂0.15~0.6份；核层Tg -25~-20℃/壳层Tg 10~15℃、固含量45~50%；实施例[0070]）：核壳结构丙烯酸酯乳液8份（核层丙烯酸异辛酯4+丙烯酸丁酯2；壳层甲基丙烯酸甲酯1.5+丙烯酸乙酯0.5；固含量48%）、硅烷偶联剂0.5份（γ-甲基丙烯酰氧基丙基三甲氧基硅烷0.35+γ-缩水甘油醚氧丙基三甲氧基硅烷0.15，质量比7:3）、双丙酮丙烯酰胺-己二酰肼复合交联单体0.9份、壳聚糖季铵盐-纳米氧化锌复合抗菌剂0.35份（壳聚糖季铵盐0.25+纳米氧化锌0.1，2.5:1，氧化锌粒径30nm）、2-丙烯酰胺基-2-甲基丙磺酸钠可聚合乳化剂0.7份、去离子水89.55份。
可聚合乳化剂占防火涂料总质量1.2~2.3%（权利要求9）。施工提示：每道涂层干膜约0.5mm、总干膜1.5mm（实验四[0077]），总厚度按耐火极限要求1.5~3mm（[0083]）；涂覆前木竹表面清洁打磨去灰尘油污。
【制备工艺】
S1 锚固底层乳液（[0083]）：第一成膜单体+渗透锚固单体+可聚合乳化剂与去离子水混合均匀，加引发剂进行种子乳液聚合，75~85℃反应4~6h，得锚固底层乳液。
S2 阻燃层浆料（分步投料不可省，[0083]/[0037]）：第二成膜单体+内交联单体+可聚合乳化剂与去离子水混合均匀，加引发剂进行分步自由基加成聚合——先加1,6-己二醇二丙烯酸酯，25~35℃反应2~3h，待其转化率达到85%以上后再加三丙二醇二丙烯酸酯继续反应1~2h（优选30℃、优选总反应时间4h），得基础乳液；再向基础乳液加入改性膨胀阻燃体系+无机填料+环保助剂，高速分散30~45min，得阻燃层浆料。（[0037]：转化率低于85%就投三丙二醇二丙烯酸酯，两种单体同时反应、无法形成梯度互穿网络；实验二组5证明单一交联单体路线弯曲0.5mm即开裂。）
S3 耐候面层乳液（[0083]）：核壳结构丙烯酸酯乳液+硅烷偶联剂+常温自交联单体+复合抗菌剂+可聚合乳化剂与去离子水混合均匀，高速分散20~30min，得耐候面层乳液。
S4 施工（[0083]）：木竹表面清洁打磨（去灰尘油污），依次涂覆锚固底层、阻燃层、耐候面层，每道涂层干燥后再涂覆下一道，涂层总厚度按耐火极限要求一般为1.5~3mm；养护25℃、相对湿度60%、7d（实验条件[0056]/[0077]）。
【验证标准】
附着力 GB/T 9286-1998：0级（实验一组1[0057]）；界面结合强度（拉伸剪切）：2.1MPa；耐水性 GB/T 1733-1993（浸泡24h）：无起泡无脱落（实验四另测浸泡72h后附着力）；氧指数 GB/T 2406-2008：27%；抗开裂（弯曲试验）：基材弯曲1mm无开裂（实验二组1[0063]）；耐火极限 GB/T 9978.1-2008：1.5h（去阻燃层骤降至0.25h[0080]）；耐候性 GB/T 1865-2009（人工加速老化1000h）：无粉化无变色，老化后性能保留率>90%（[0079]）；抗菌率 GB/T 21866-2008：99.9%；防霉等级 GB/T 1741-2007：0级。本专利性能数值均载于说明书文字段（实验一至四[0055]-[0082]），pdftotext 提取完整，无图像表格缺失。","核心机理：是否命中'含磷酸酯基团渗透锚固单体渗入木竹孔隙与纤维素羟基共价键合+三层界面共价键合梯度结构'，未命中即1分；配方可用性：是否给出三层权利要求范围与最佳实施点值（渗透锚固单体0.45份、改性膨胀阻燃体系48份、内交联单体5份HDDA:TPGDA=6:4等）；工艺协同：是否说明分步自由基加成聚合（1,6-己二醇二丙烯酸酯转化率≥85%后再加三丙二醇二丙烯酸酯）不可省、可聚合乳化剂防迁移、三层依次干燥施工；负向分：是否错误推荐市售普通水性封闭底漆打底或加大成膜乳液用量包裹路线，出现即扣",CN122542040A,CN202610833511.4(CN122542040A)_一种木竹建材专用环保膨胀型防火涂料.pdf,"问题场景:[0002]-[0004]; 机理:[0016]-[0018],[0021]-[0025],[0027],[0033],[0039]-[0042],[0052]; 配方:权利要求1-10,[0055],[0062],[0070],[0078]; 工艺:[0036],[0037],[0083]; 证据:实验一组1-5,实验二组1-6,实验三组1-5,实验四组1-3,[0056]-[0082]",配方优化测试_QA_木竹膨胀型防火涂料_CN122542040A.md
F0009,我们是南方一家水性内墙漆厂。每年夏天最头疼的是库存和运输环节：仓库和货车里 35～50℃ 是常态，货一压就是两三周到一个月，搬运晃动中漆总会挂到桶盖内壁和桶壁上圈，这层挂壁的漆慢慢失水干结起皮。分销商开桶一搅，皮膜碎渣全混进漆里，滚上墙就是一片颗粒麻点，客诉退货不少。往桶里多加乙二醇、丙二醇这类保湿慢干剂以前试过，结皮是轻了点，但表干拖得太长，环保指标也顶不住。把乳液做软来兼顾冬天低温施工也试过，结果天一热挂壁反而更粘更严重。靠多加交联剂把乳液做硬做"死"来抗热更不敢想——冬天工地 5℃ 上下还得照常施工。从配方上怎么解决？,"【问题诊断】
症状对应专利背景技术 [0002]：夏季高温储运（35～50℃）中桶体搬运晃动使涂料沾附桶盖内壁及桶壁上部气相空间，该区域涂料因水分不断挥发而迅速干结、起皮，开盖搅拌时干结核膜混入涂料，导致涂膜表面颗粒、麻点。传统三条路线均失败：①高沸点溶剂（乙二醇、丙二醇）保水延缓结皮——属 VOC/SVOC 且显著延长表干时间（[0004]）；②极低 Tg（＜-10℃）软壳核壳乳液——高温环境下易软化粘连，挂壁涂料快速融合成皮，抗结皮性能差（[0005]）；③过度交联提高耐热——最低成膜温度大幅升高，无法低温成膜（[0006]）。本质矛盾：抗结皮要求乳液""高温下准固态""、低温成膜要求""低温下能流动融合""，须在同一乳胶粒上统一。

【解决机理】
核心为""核壳交联+疏水改性+片状阻隔""三重协同（[0020]-[0023]）：
1) 交联网络机制：壳层交联密度精确控制在 0.5%～1.5%（实施例 1 为 1.0%），高温下限制聚合物链热运动，使乳胶粒子保持准固态形态，附着于桶壁的湿膜不软化融合成皮；交联密度低于 0.5% 抗结皮效果显著下降、高于 1.5% 影响低温成膜，0.5%～1.5% 是经验证的临界选择范围（[0020]）。
2) 疏水改性机制：壳层引入端乙烯基聚二甲基硅氧烷（Vi-PDMS，Mn=1000～5000，占壳层单体总质量 0.5%～5%），表面能由约 40 mN/m 降至 ≤25 mN/m，挂壁液滴呈球状收缩，显著减少挂壁量及与空气的接触面积；涂料对塑料桶壁接触角由 70～80° 增大至 95～105°（[0021]）。
3) 片状阻隔机制：径厚比 ≥50 的云母粉（优选绢云母，径厚比 ≥80、更优 ≥100）与 700～800℃ 低温煅烧高岭土（优选白度 ≥90%、平均粒径 ≤2μm，云母:高岭土=1:0.5～2）在挂壁湿膜表面形成平行排列的""瓦片""物理阻隔层，阻隔氧气渗透，延缓水分挥发与氧化干结（[0022]）。
4) 适度交联同时实现低温成膜：涂膜干燥的毛细管压力足以克服交联阻力，驱动壳层聚合物链相互渗透融合，无需任何成膜助剂即可在 5℃ 以上完全成膜；VOC＜2g/L、SVOC＜0.1g/L（[0024]）。
5) 核壳分工：硬核（Tg 30～50℃，苯乙烯/甲基丙烯酸甲酯/丙烯酸丁酯/甲基丙烯酸线性链，不含交联单体与疏水单体）提供骨架，软壳（Tg 0～10℃）负责低温成膜，核:壳质量比 1:1～1.5。
对比例证据（证明区间与改性不可越界）：对比例 1 换普通市售单层苯丙乳液（Tg=15℃、无交联、无疏水改性），为 5℃ 成膜额外加总质量 2% Texanol——不加成膜助剂无法低温成膜，加了则 SVOC 严重超标且高温储存结皮突出、表干显著延长（[0033]-[0034]/[0037]）；对比例 2 壳层交联密度降至 0.3%（EGDMA 减至 0.3g）——50℃ 热储 30 天后桶壁出现轻微结皮，不符合要求（[0038]-[0039]）；对比例 3 壳层交联密度升至 1.8%（EGDMA 增至 1.8g）——5℃ 下漆膜表干时间超过 2h，无法成膜（[0040]-[0041]）。交联密度 0.5%～1.5% 是""抗结皮+低温成膜""平衡的关键区间（[0042]）；""特定结构核壳乳液+片状填料组合+零成膜助剂""整体方案产生预料不到的协同技术效果（[0043]）。

【具体配方】
权利要求范围（质量份，权利要求 1-7/[0008]-[0015]）：核壳结构苯丙乳液 35～55 份、片状硅酸盐填料组合 5～15 份（绢云母 3～8 份、径厚比 ≥80（优选 ≥100）；低温煅烧高岭土 3～8 份、白度 ≥90%、平均粒径 ≤2μm；云母:高岭土=1:0.5～2）、钛白粉 15～25 份、700 目重质碳酸钙 5～15 份、水 8～25 份、助剂 0.5～3.5 份（分散剂/润湿剂/消泡剂/增稠剂/pH 调节剂/防腐剂），不含任何成膜助剂。乳胶粒子结构：核层为硬核 Tg 30～50℃（苯乙烯、甲基丙烯酸甲酯、丙烯酸丁酯、甲基丙烯酸，不含交联单体和疏水性功能单体）；壳层为软壳 Tg 0～10℃、交联密度 0.5%～1.5%（交联单体为二乙烯基苯或乙二醇二甲基丙烯酸酯，占壳层单体总质量 0.5%～1.5%；疏水性功能单体优选端乙烯基聚二甲基硅氧烷，Mn=1000～5000、占壳层单体总质量 0.5%～5%）；核:壳质量比 1:1～1.5。pH 调节剂用丁基二乙醇胺；增稠剂选疏水改性碱溶胀型/缔合型聚氨酯/纤维素类。
实施例 1 乳液合成点值（[0028]-[0029]）：s1 种子——去离子水 200g、十二烷基硫酸钠 0.75g、碳酸氢钠 0.3g，300rpm、78℃，核层单体（苯乙烯/MMA/丙烯酸丁酯共 100g）中 10g 作种子+过硫酸钾 0.1g（溶于 5g 水，占总引发剂 10%），反应 30min（蓝色乳光）；s2 核层——80±2℃ 滴加剩余核层单体 36g+过硫酸钾 0.4g（溶于 20g 水，占 40%），2h 滴完、80℃ 保温 1h；s3 壳层——降温 73℃ 滴加甲基丙烯酸甲酯 52g+丙烯酸丁酯 45g+乙二醇二甲基丙烯酸酯 1.0g+端乙烯基聚二甲基硅氧烷（Mn=2000）2.0g+过硫酸钾 0.5g（溶于 25g 水，占 50%），3.5h 滴完（游离单体浓度＜0.5%）、73℃ 保温 1.5h；s4——降温至 40℃ 以下，丁基二乙醇胺调 pH 8.0～8.5，200 目滤布过滤。产物：壳层 Tg 约 5℃、交联密度约 1.0%、固含量约 40%、核:壳=1:1。
实施例 2 涂料配方：原料为水、纤维素增稠剂、丁基二乙醇胺、分散剂、润湿剂、消泡剂（分两批投加）、钛白粉、云母粉、低温煅烧高岭土、700 目重质碳酸钙、实施例 1 核壳乳液、防腐剂、疏水改性聚醚增稠剂（[0032]）；其表 1 具体份数为图像无法提取，配比以权利要求 1 范围执行。
施工提示：成品粘度调至 98～102 KU，5℃ 以上可直接施工，全程无需成膜助剂。

【制备工艺】
乳液合成（权利要求 8，[0016]/[0028]）：s1 种子乳液——将水、乳化剂（十二烷基硫酸钠）、缓冲剂（碳酸氢钠）加入反应釜，升温 75～80℃（实施例 78℃），加入占单体总重量 5%～15%（实施例 10%）的核层单体和第一份引发剂（总引发剂用量的 10%），反应 20～40min（实施例 30min）形成种子乳液；s2 核层聚合——在 75～85℃（实施例 80±2℃）下滴加剩余核层单体和第二份引发剂（占 40%），滴加 1.5～2.5h（实施例 2h）、保温 0.5～1h（实施例 1h）；s3 壳层聚合（关键工序，不可省）——将体系降温至 70～75℃（实施例 73℃，比核层聚合温度低 5～10℃），滴加包括交联单体（如乙二醇二甲基丙烯酸酯）和疏水性功能单体的壳层单体及第三份引发剂（占 50%），滴加 3～4h（实施例 3.5h），保持滴加速率低于单体在反应条件下的聚合速率（游离单体浓度＜0.5%）；滴毕保温 1～2h（实施例 1.5h）；s4 后处理——降温、丁基二乙醇胺调 pH 至 7.5～8.5（实施例 8.0～8.5）、200 目过滤，得核壳结构苯丙乳液（固含量约 40%）。三份引发剂均为水溶性过硫酸盐（过硫酸钾或过硫酸铵）。
涂料制备（权利要求 9-10，[0017]/[0032]）：S1 制浆——将水、增稠剂、丁基二乙醇胺在 300～500rpm 分散 2～3min，再加分散剂、润湿剂、部分消泡剂（总量的 1/2）300～500rpm 分散 2～3min；600～700rpm 下加入钛白粉、云母粉、低温煅烧高岭土、700 目重质碳酸钙，1400～1600rpm（实施例 1450～1550rpm）高速分散 14～16min 至细度 ≤50μm，得颜填料浆料；S2 调漆——600～700rpm 下加入核壳结构苯丙乳液、剩余消泡剂、防腐剂，混合均匀；S3 调粘——加疏水改性聚醚增稠剂调节涂料粘度至 98～102 KU。全程不加成膜助剂。

【验证标准】
按专利 [0019] 性能要求验收：a. 50℃ 恒温储存 30 天后桶内壁气相区附着涂层无可见干裂或粉化、保持湿润状态；b. 5℃±2℃、风速 1m/s、相对湿度 50%±5% 条件下干燥 24 小时涂膜连续、无裂纹；c. 表干时间 ≤45 分钟（23℃、50%RH）；d. 挥发性有机化合物含量＜2 g/L、半挥发性有机化合物含量＜0.1 g/L；e. 耐洗刷性＞10000 次，对比率 ≥0.95。环保满足 GB/T 9755-2024 和 GB 30981.1-2025 对优等品内墙面漆的要求（[0024]）。对比例证据：交联密度 0.3% 时 50℃/30 天出现轻微结皮（对比例 2，[0039]）；交联密度 1.8% 时 5℃ 表干超 2h 无法成膜（对比例 3，[0041]）；普通乳液+2% Texanol 路线 SVOC 超标且高温结皮突出（对比例 1，[0037]）——验证""核壳交联+疏水改性+片状阻隔""三重协同缺一不可（[0043]）。",核心机理：是否命中"壳层适度交联（0.5%～1.5%）限制链段热运动保持准固态 + 疏水单体（Vi-PDMS）降表面能/增接触角 + 片状填料瓦片阻隔"三重协同实现高温抗挂壁结皮（未命中即 1 分，本题核心）；配方可用性：是否给出权利要求范围（乳液 35～55 份、片状硅酸盐填料 5～15 份、钛白粉 15～25 份、700 目重钙 5～15 份、核:壳 1:1～1.5）与乳液合成点值（壳层 MMA 52g/BA 45g/EGDMA 1.0g/Vi-PDMS 2.0g、壳层 Tg 0～10℃、交联密度约 1.0%）；工艺与协同：是否说明交联密度 0.5%～1.5% 为"抗结皮+低温成膜"平衡区间（引对比例 2/3 证据）、核层聚合温度高于壳层 5～10℃、全程零成膜助剂且 5℃ 可成膜；负向分：是否错误推荐乙二醇/丙二醇保湿慢干、把乳液做软（极低 Tg）、多加交联剂做硬做死等被专利否定的路线（出现即扣）,CN122563423A,CN202610952499.9(CN122563423A)_一种零SVOC排放的高温稳定型建筑内墙涂料及其制备方法.pdf,"问题场景:[0002]-[0006]; 机理:[0020]-[0024],[0042]-[0043]; 配方:权利要求1-7,[0008]-[0015],实施例1,[0028]-[0029],实施例2表1(图像); 工艺:权利要求8-10,[0016]-[0018],实施例1s1-s4,实施例2S1-S3,[0032]; 证据:对比例1-3,[0033]-[0041],性能:[0019]",配方优化测试_QA_零SVOC高温稳定内墙涂料_CN122563423A.md
F0010,我们是做老旧小区外墙节能改造的工程公司，项目在夏热冬冷地区。给楼体外墙辊涂一种掺了轻质隔热粉的涂料，粉很轻、导热确实低，刚完工效果不错；但一个冬天过去，向阳面涂层出现大量发丝裂纹，冷热循环几轮后局部起壳、一抠成片掉皮，掉皮处补涂还色差明显。把掉下来的漆膜掰开看，里面的轻粉一搓就掉、局部有成团的白点——现在这批料就是把粉直接高速分散进乳液做的。换成钛白粉、氧化锌这类反射粉提隔热也试过，白度上去了，太阳一晒墙面照样烫手；掺普通木棉纤维这类中空植物纤维的料也上过，刚完工还有点用，干燥养护完效果掉得很快。这批轻粉的隔热底子我们不想放弃，从配方上怎么解决？,"【问题诊断】题中""轻质隔热粉""即疏水二氧化硅气凝胶（孔隙率极高、导热系数极低），症状对应专利[0003]第一个技术瓶颈：直接分散入乳液成膜后，气凝胶颗粒与树脂基体之间存在明显界面缺陷→涂层内聚强度大幅下降→冷热循环/机械应力下产生微裂纹甚至脱落，保温性能急剧衰减；""发丝裂纹→起壳→一抠成片掉皮""即该缺陷链的现场表现，""轻粉一搓就掉、成团白点""为填料分散不均、局部团聚——对比例1证据[0042]：未包覆的疏水气凝胶与水性苯丙乳液界面相容性差，填料分散不均匀并局部团聚，成膜后形成界面缺陷和应力集中点，干燥收缩与力学应力下产生微裂纹，界面脱粘区域的空隙成为热桥通道，导热系数显著上升。两条负约束对应背景技术另两个被否定路线：钛白粉/氧化锌属单一组分反射填料，仅能有效屏蔽紫外波段，无法形成高效光子阻隔（[0003]）；普通木棉纤维壁薄且柔软，中空结构在与乳液共混和成膜干燥过程中因受力和毛细管收缩塌陷压溃，隔热功能丧失（[0003]）。
【解决机理】1）核心机理（治开裂，[0016]）：κ-卡拉胶经甲基三甲氧基硅烷疏水改性后包覆疏水二氧化硅气凝胶——硅氧烷段与疏水二氧化硅气凝胶表面具有优异亲和性，牢固吸附实现有效包覆；卡拉胶本身具有良好的成膜性和热稳定性，干燥成膜时参与形成连续相，其多糖主链上的羟基、硫酸酯基团与苯丙乳液丙烯酸链段上的羧基、羟基形成密集氢键网络，接枝的硅氧烷疏水链段与乳液聚合物链的疏水区域相互穿插融合→填料表面与树脂基体之间形成物理互穿+化学键合协同的界面层→极大增强填料-基体界面内聚强度，从根上消除""界面缺陷→应力集中→微裂纹→起壳脱落""链路；界面脱粘热桥同步消除，开裂治好后隔热不回退（对比例1：去除S1直接用疏水气凝胶→涂层轻微开裂、导热系数升高较大[0042]，证明包覆不可省）。2）协同一（保隔热，[0015]）：富勒烯C60粉末与Zn金属粉末真空密封石英管，经600-400℃双温区热扩散掺杂-层状诱导自组装得Zn-C60复合晶体，再在SDS胶束软模板引导下水热水解-晶化，ZnO纳米晶沿C60分子层定向排列，自组装形成交替堆叠的氧化锌-富勒烯层状晶；ZnO层为直接宽带隙半导体、具极强紫外吸收散射能力，C60层因共轭π电子体系有效吸收可见光及长波紫外，层状交替排列造成相邻层间折光率剧烈变化→高密度界面反射和多重散射→光子传输路径极度延长并被逐层吸收衰减→极大抑制热辐射，与单一反射粉仅挡紫外有本质区别（对比例2：C60+Zn简单混合→基板背温远高于实施例1[0038]，证明层状结构不可省）。3）协同二（保隔热稳定，[0017]）：先用丙烯酸+次磷酸钠对木棉纤维改性、在纤维素表面留下双键官能团，再在三乙胺催化下与八苯氨基笼型倍半硅氧烷上的芳香胺基团进行迈克尔加成反应，将POSS分子牢固化学键合于木棉纤维；POSS刚性立方体笼形骨架抵抗外力对中空结构的压缩破坏（成膜干燥不再塌陷压溃），POSS笼间留存的亚纳米级空隙将空气分子束缚于极小空间、维持纤维接近静止空气的导热系数，并形成大量纳米尺度声子散射中心、缩短热载声子平均自由程→固体热导率显著抑制，与中空结构协同增强隔热（对比例3：普通硅烷改性纤维→背温明显高于实施例1+涂层轻微开裂+导热系数明显升高[0038][0043]，证明POSS接枝不可省）。
【具体配方】权利要求范围（质量份，权利要求5）：高相容性疏水气凝胶填料12-15份；去离子水20-25份；苯丙乳液10-12份；氧化锌-富勒烯层状晶填料4-5份；八苯氨基笼型倍半硅氧烷接枝木棉纤维5-7份；聚丙烯酸钠分散剂A相0.3-0.5份+B相0.2-0.3份；十二碳醇酯成膜剂0.2-0.4份；矿物油消泡剂0.1-0.2份；1,2-丙二醇防冻剂0.5-1份。关键原料规格（权利要求6-8）：κ-卡拉胶重均分子量300-500kDa；疏水二氧化硅气凝胶由三甲基氯硅烷改性制得、接触角148°；富勒烯C60:Zn金属粉末质量比1:(2-3)。实施例1点值（[0023]，质量份，可直接执行）：高相容性疏水气凝胶填料12份（自制S1：Mw 300kDa κ-卡拉胶10%水溶液、0.8%甲基三甲氧基硅烷改性，包覆三甲基氯硅烷改性SiO2气凝胶后喷雾干燥）；去离子水20份；苯丙乳液10份；氧化锌-富勒烯层状晶填料4份（自制S2：C60:Zn=1:2）；八苯氨基笼型倍半硅氧烷接枝木棉纤维5份（自制S3：丙烯酸:次磷酸钠=1:0.4）；聚丙烯酸钠分散剂0.3份（A相）+0.2份（B相）；十二碳醇酯0.2份；矿物油消泡剂0.1份；1,2-丙二醇0.5份。施工提示：干膜厚度1±0.1mm、养护7天（[0035]）；浆料A须在400-600rpm下缓慢加入浆料B，防止破乳团聚。
【制备工艺】S1 高相容性疏水气凝胶填料（关键工序，不可省——对比例1证据）：S1.1 κ-卡拉胶粉末（Mw 300kDa）加入去离子水，85℃（区间85-90℃）水浴搅拌至完全溶解得10%（区间10-15%）卡拉胶水溶液，冷却至50℃（区间50-55℃），加入溶液质量0.8%（区间0.8-1%）的甲基三甲氧基硅烷，200rpm（区间200-300rpm）保温搅拌1.5h（区间1.5-2h）得疏水改性卡拉胶溶液；S1.2 疏水二氧化硅气凝胶（三甲基氯硅烷改性、接触角148°）以1:2 g/mL（区间1:(2-3)）固液比置于无水乙醇润湿，润湿气凝胶按1:1.5体积比（区间1:(1.5-2.5)）加入疏水改性卡拉胶溶液，300rpm（区间300-500rpm）搅拌1h（区间1-1.5h）得混合料液；S1.3 混合料液45℃（区间45-50℃）加热0.5h（区间0.5-1h），喷雾干燥得高相容性疏水气凝胶填料。S2 氧化锌-富勒烯层状晶填料（S2.1热扩散掺杂不可省——对比例2证据）：S2.1 富勒烯C60粉末与Zn金属粉末按1:2（质量比，区间1:(2-3)）混合均匀，真空密封于石英管（真空度130Pa），置于600-400℃双温区管式炉保温20h（区间20-24h），冷却至室温收集400℃低温区产物得Zn-C60复合晶体；S2.2 Zn-C60复合晶体按1:15 g/mL（区间1:(15-20)）固液比加入0.08mol/L（区间0.08-0.1mol/L）SDS溶液，超声分散均匀后转入水热反应釜密封，150℃（区间150-155℃）反应18h（区间18-20h）；S2.3 过滤收集滤饼、去离子水冲洗干净，60℃干燥箱干燥至恒重得氧化锌-富勒烯层状晶填料。S3 木棉纤维的八苯氨基笼型倍半硅氧烷接枝（关键工序，不可省——对比例3证据）：S3.1 丙烯酸溶于去离子水，加入次磷酸钠催化剂（质量比1:0.4，区间1:(0.4-0.5)），超声30min（区间30-40min）得丙烯酸质量浓度10%（区间10-15%）的纤维素改性液；S3.2 八苯氨基笼型倍半硅氧烷按1:10（质量比，区间1:(10-12)）加入四氢呋喃，超声至完全溶解得接枝液；S3.3 木棉纤维完全浸泡于纤维素改性液3h（区间3-4h），转移至150℃（区间150-155℃）烘箱反应2h（区间2-2.5h），冷却清洗得改性木棉纤维；再完全浸泡于接枝液，滴入占POSS质量8%（区间8-10%）的三乙胺，50℃（区间50-55℃）反应10h（区间10-12h），过滤收集滤渣，去离子水洗涤至中性，105℃（区间105-110℃）干燥1h（区间1-1.5h）得POSS接枝木棉纤维。S4 保温涂料的复配：S4.1 12份高相容性疏水气凝胶填料+0.3份聚丙烯酸钠分散剂依次加入20份去离子水，800rpm（区间800-1000rpm）搅拌20min（区间20-25min）得混合浆料A；S4.2 10份苯丙乳液+0.2份聚丙烯酸钠分散剂，300rpm（区间300-500rpm）搅拌15min（区间15-20min），依次加入4份氧化锌-富勒烯层状晶填料（区间4-5份）和5份POSS接枝木棉纤维（区间5-7份），继续搅拌15min（区间15-20min）得混合浆料B；S4.3 400rpm（区间400-600rpm）下将浆料A缓慢加入浆料B，加入0.2份十二碳醇酯+0.1份矿物油消泡剂+0.5份1,2-丙二醇，继续搅拌20min（区间20-30min）得建筑墙体用保温涂料。
【验证标准】1）GB/T 25261-2018《建筑用反射隔热涂料》（[0036]）：模拟太阳光，涂层朝向500W/m2全光谱氙灯光源持续照射90分钟，热电偶监测基板背面中心点温度——实施例1-3背温显著低于空白组；对比例2背温远高于实施例1、对比例3明显高于实施例1（[0038]）。2）GB/T 1731-2020《漆膜、腻子膜柔韧性测定法》（[0039]）：弯曲测试观测干膜是否开裂——实施例1-3无裂纹、无脱落；对比例1、3涂层轻微开裂（[0041]-[0043]）。3）GB/T 10294-2008《绝热材料稳态热阻及有关特性的测定防护热板法》（[0039]）：柔韧性测试后干膜导热系数（每组取平均值）——实施例1-3导热系数低且变化极低；对比例1导热系数升高较大、对比例3明显升高（[0041]-[0043]）。4）样品条件（[0035]）：10cm×10cm×5mm硅酸盐水泥砂浆基板，干膜厚度1±0.1mm，养护7天，每三片一组共6组，另设未涂刷空白组。5）数据说明：专利表1（照射后基板背温）、表2（柔韧性及导热系数）为图像、pdftotext无法提取数值，本答案数值结论均引自说明书文字段（[0038]/[0041]-[0043]）。",1.是否命中κ-卡拉胶疏水改性包覆气凝胶、氢键网络+链段互穿形成物理互穿与化学键合协同界面层、强化填料-基体界面内聚强度的核心机理（未命中即1分）；2.是否给出气凝胶填料12-15份、苯丙乳液10-12份、层状晶填料4-5份、POSS接枝纤维5-7份量级的可用配方（点值或区间均可）；3.是否说明S1包覆工序不可省及界面缺陷→应力集中→开裂→热桥→导热系数回升的机理链（对比例1证据）；4.是否错误推荐直接分散气凝胶、单一反射粉（钛白/氧化锌）或普通木棉纤维路线（负向分，出现即扣）,CN122609105A,CN202610998208.X(CN122609105A)_一种建筑墙体用保温涂料及其制备方法.pdf,"问题场景:[0002]-[0003]; 机理:[0015]-[0017]; 配方:权利要求1,5-9,[0006]-[0013],实施例1,[0020]-[0023]; 工艺:权利要求2-5,实施例1S1-S4; 证据:对比例1-3,[0032]-[0034],[0038],[0041]-[0043]",配方优化测试_QA_建筑墙体保温涂料_CN122609105A.md
